row_type,group_name,ablation_mode,ablation_n,seed,haofang_precision,haofang_recall,haofang_f1,wanyue_precision,wanyue_recall,wanyue_f1,macro_f1,accuracy,TP,TN,FP,FN,unknown_cnt,n,seconds,haofang_precision_mean,haofang_precision_sd,haofang_precision_ci95_low,haofang_precision_ci95_high,haofang_precision_groups_n,haofang_recall_mean,haofang_recall_sd,haofang_recall_ci95_low,haofang_recall_ci95_high,haofang_recall_groups_n,haofang_f1_mean,haofang_f1_sd,haofang_f1_ci95_low,haofang_f1_ci95_high,haofang_f1_groups_n,wanyue_precision_mean,wanyue_precision_sd,wanyue_precision_ci95_low,wanyue_precision_ci95_high,wanyue_precision_groups_n,wanyue_recall_mean,wanyue_recall_sd,wanyue_recall_ci95_low,wanyue_recall_ci95_high,wanyue_recall_groups_n,wanyue_f1_mean,wanyue_f1_sd,wanyue_f1_ci95_low,wanyue_f1_ci95_high,wanyue_f1_groups_n,macro_f1_mean,macro_f1_sd,macro_f1_ci95_low,macro_f1_ci95_high,macro_f1_groups_n,accuracy_mean,accuracy_sd,accuracy_ci95_low,accuracy_ci95_high,accuracy_groups_n,comparison,metric,t_stat,p_value,pairs_n
detail,group1,sequential_haofang_csv,0,,0.9145299145299145,0.84251968503937,0.8770491803278688,0.8918918918918919,0.9428571428571428,0.9166666666666667,0.8968579234972678,0.9006622516556292,107.0,165.0,10.0,20.0,0.0,302.0,20.8867506980896,,,,,,,,,,,,,,,,,,,,,,,,,,,,,,,,,,,,,,,,,,,,,
detail,group1,random,0,20260221.0,0.9145299145299145,0.84251968503937,0.8770491803278688,0.8918918918918919,0.9428571428571428,0.9166666666666667,0.8968579234972678,0.9006622516556292,107.0,165.0,10.0,20.0,0.0,302.0,20.7098867893219,,,,,,,,,,,,,,,,,,,,,,,,,,,,,,,,,,,,,,,,,,,,,
detail,group1,sequential_haofang_csv,200,,0.90625,0.4566929133858268,0.6073298429319371,0.8527131782945736,0.6285714285714286,0.7236842105263157,0.6655070267291264,0.7516556291390728,58.0,169.0,6.0,69.0,109.0,302.0,76.48399186134338,,,,,,,,,,,,,,,,,,,,,,,,,,,,,,,,,,,,,,,,,,,,,
detail,group1,random,200,20260421.0,0.9217391304347826,0.8346456692913385,0.8760330578512396,0.8877005347593583,0.9485714285714286,0.9171270718232044,0.896580064837222,0.9006622516556292,106.0,166.0,9.0,21.0,0.0,302.0,33.837153673172,,,,,,,,,,,,,,,,,,,,,,,,,,,,,,,,,,,,,,,,,,,,,
detail,group1,sequential_haofang_csv,250,,0.9,0.28346456692913385,0.4311377245508982,0.84375,0.30857142857142855,0.45188284518828453,0.4415102848695914,0.6854304635761589,36.0,171.0,4.0,91.0,198.0,302.0,78.84722399711609,,,,,,,,,,,,,,,,,,,,,,,,,,,,,,,,,,,,,,,,,,,,,
detail,group1,random,250,20260471.0,0.9067796610169492,0.84251968503937,0.873469387755102,0.8913043478260869,0.9371428571428572,0.9136490250696379,0.8935592064123699,0.8973509933774835,107.0,164.0,11.0,20.0,0.0,302.0,33.87715005874634,,,,,,,,,,,,,,,,,,,,,,,,,,,,,,,,,,,,,,,,,,,,,
detail,group1,sequential_haofang_csv,300,,0.9032258064516129,0.4409448818897638,0.5925925925925926,0.896551724137931,0.44571428571428573,0.5954198473282443,0.5940062199604184,0.7450331125827815,56.0,169.0,6.0,71.0,153.0,302.0,79.95592784881592,,,,,,,,,,,,,,,,,,,,,,,,,,,,,,,,,,,,,,,,,,,,,
detail,group1,random,300,20260521.0,0.9375,0.8267716535433071,0.8786610878661089,0.8842105263157894,0.96,0.9205479452054793,0.8996045165357941,0.9039735099337748,105.0,168.0,7.0,22.0,0.0,302.0,33.97106575965881,,,,,,,,,,,,,,,,,,,,,,,,,,,,,,,,,,,,,,,,,,,,,
detail,group1,sequential_haofang_csv,350,,0.8269230769230769,0.33858267716535434,0.4804469273743016,0.9036144578313253,0.42857142857142855,0.5813953488372093,0.5309211381057555,0.6920529801324503,43.0,166.0,9.0,84.0,167.0,302.0,78.56633067131042,,,,,,,,,,,,,,,,,,,,,,,,,,,,,,,,,,,,,,,,,,,,,
detail,group1,random,350,20260571.0,0.8790322580645161,0.8582677165354331,0.8685258964143425,0.898876404494382,0.9142857142857143,0.906515580736544,0.8875207385754433,0.890728476821192,109.0,160.0,15.0,18.0,0.0,302.0,33.981751918792725,,,,,,,,,,,,,,,,,,,,,,,,,,,,,,,,,,,,,,,,,,,,,
detail,group2,sequential_haofang_csv,0,,0.8857142857142857,0.8985507246376812,0.8920863309352518,0.9135802469135802,0.9024390243902439,0.9079754601226994,0.9000308955289755,0.9006622516556292,124.0,148.0,16.0,14.0,0.0,302.0,20.376771450042725,,,,,,,,,,,,,,,,,,,,,,,,,,,,,,,,,,,,,,,,,,,,,
detail,group2,random,0,20260222.0,0.8857142857142857,0.8985507246376812,0.8920863309352518,0.9135802469135802,0.9024390243902439,0.9079754601226994,0.9000308955289755,0.9006622516556292,124.0,148.0,16.0,14.0,0.0,302.0,20.390884399414062,,,,,,,,,,,,,,,,,,,,,,,,,,,,,,,,,,,,,,,,,,,,,
detail,group2,sequential_haofang_csv,200,,0.8863636363636364,0.5652173913043478,0.6902654867256637,0.84,0.5121951219512195,0.6363636363636365,0.6633145615446501,0.7682119205298014,78.0,154.0,10.0,60.0,114.0,302.0,75.65311932563782,,,,,,,,,,,,,,,,,,,,,,,,,,,,,,,,,,,,,,,,,,,,,
detail,group2,random,200,20260422.0,0.8802816901408451,0.9057971014492754,0.892857142857143,0.91875,0.8963414634146342,0.9074074074074074,0.9001322751322752,0.9006622516556292,125.0,147.0,17.0,13.0,0.0,302.0,33.540663719177246,,,,,,,,,,,,,,,,,,,,,,,,,,,,,,,,,,,,,,,,,,,,,
detail,group2,sequential_haofang_csv,250,,0.8780487804878049,0.2608695652173913,0.4022346368715084,0.8333333333333334,0.24390243902439024,0.37735849056603776,0.3897965637187731,0.6456953642384106,36.0,159.0,5.0,102.0,213.0,302.0,79.2574667930603,,,,,,,,,,,,,,,,,,,,,,,,,,,,,,,,,,,,,,,,,,,,,
detail,group2,random,250,20260472.0,0.8905109489051095,0.8840579710144928,0.8872727272727274,0.9030303030303031,0.9085365853658537,0.9057750759878421,0.8965239016302848,0.8973509933774835,122.0,149.0,15.0,16.0,0.0,302.0,34.143194913864136,,,,,,,,,,,,,,,,,,,,,,,,,,,,,,,,,,,,,,,,,,,,,
detail,group2,sequential_haofang_csv,300,,0.8166666666666667,0.35507246376811596,0.494949494949495,0.8035714285714286,0.27439024390243905,0.4090909090909091,0.45202020202020204,0.6688741721854304,49.0,153.0,11.0,89.0,186.0,302.0,80.40309238433838,,,,,,,,,,,,,,,,,,,,,,,,,,,,,,,,,,,,,,,,,,,,,
detail,group2,random,300,20260522.0,0.875,0.9130434782608695,0.8936170212765957,0.9240506329113924,0.8902439024390244,0.9068322981366461,0.9002246597066209,0.9006622516556292,126.0,146.0,18.0,12.0,0.0,302.0,33.9313108921051,,,,,,,,,,,,,,,,,,,,,,,,,,,,,,,,,,,,,,,,,,,,,
detail,group2,sequential_haofang_csv,350,,0.9111111111111111,0.2971014492753623,0.44808743169398907,0.8,0.21951219512195122,0.3444976076555024,0.39629251967474577,0.6655629139072847,41.0,160.0,4.0,97.0,212.0,302.0,78.6204571723938,,,,,,,,,,,,,,,,,,,,,,,,,,,,,,,,,,,,,,,,,,,,,
detail,group2,random,350,20260572.0,0.8802816901408451,0.9057971014492754,0.892857142857143,0.91875,0.8963414634146342,0.9074074074074074,0.9001322751322752,0.9006622516556292,125.0,147.0,17.0,13.0,0.0,302.0,33.44485545158386,,,,,,,,,,,,,,,,,,,,,,,,,,,,,,,,,,,,,,,,,,,,,
detail,group3,sequential_haofang_csv,0,,0.8879310344827587,0.824,0.8547717842323651,0.8817204301075269,0.9265536723163842,0.9035812672176308,0.8791765257249979,0.8841059602649006,103.0,164.0,13.0,22.0,0.0,302.0,20.28404927253723,,,,,,,,,,,,,,,,,,,,,,,,,,,,,,,,,,,,,,,,,,,,,
detail,group3,random,0,20260223.0,0.8879310344827587,0.824,0.8547717842323651,0.8817204301075269,0.9265536723163842,0.9035812672176308,0.8791765257249979,0.8841059602649006,103.0,164.0,13.0,22.0,0.0,302.0,20.33541202545166,,,,,,,,,,,,,,,,,,,,,,,,,,,,,,,,,,,,,,,,,,,,,
detail,group3,sequential_haofang_csv,200,,0.9375,0.48,0.6349206349206349,0.837037037037037,0.6384180790960452,0.7243589743589745,0.6796398046398047,0.7715231788079471,60.0,173.0,4.0,65.0,103.0,302.0,75.56483674049377,,,,,,,,,,,,,,,,,,,,,,,,,,,,,,,,,,,,,,,,,,,,,
detail,group3,random,200,20260423.0,0.8728813559322034,0.824,0.8477366255144032,0.8804347826086957,0.9152542372881356,0.8975069252077563,0.8726217753610798,0.8774834437086093,103.0,162.0,15.0,22.0,0.0,302.0,34.00794434547424,,,,,,,,,,,,,,,,,,,,,,,,,,,,,,,,,,,,,,,,,,,,,
detail,group3,sequential_haofang_csv,250,,0.9019607843137255,0.368,0.5227272727272727,0.8181818181818182,0.3559322033898305,0.49606299212598426,0.5093951324266285,0.7218543046357616,46.0,172.0,5.0,79.0,174.0,302.0,77.73451685905457,,,,,,,,,,,,,,,,,,,,,,,,,,,,,,,,,,,,,,,,,,,,,
detail,group3,random,250,20260473.0,0.8467741935483871,0.84,0.8433734939759037,0.8876404494382022,0.8926553672316384,0.8901408450704225,0.8667571695231631,0.8708609271523179,105.0,158.0,19.0,20.0,0.0,302.0,33.97134065628052,,,,,,,,,,,,,,,,,,,,,,,,,,,,,,,,,,,,,,,,,,,,,
detail,group3,sequential_haofang_csv,300,,0.9166666666666666,0.528,0.6700507614213198,0.7777777777777778,0.3954802259887006,0.5243445692883896,0.5971976653548547,0.7847682119205298,66.0,171.0,6.0,59.0,140.0,302.0,76.39474558830261,,,,,,,,,,,,,,,,,,,,,,,,,,,,,,,,,,,,,,,,,,,,,
detail,group3,random,300,20260523.0,0.8524590163934426,0.832,0.8421052631578947,0.8833333333333333,0.8983050847457628,0.8907563025210085,0.8664307828394515,0.8708609271523179,104.0,159.0,18.0,21.0,0.0,302.0,34.03067898750305,,,,,,,,,,,,,,,,,,,,,,,,,,,,,,,,,,,,,,,,,,,,,
detail,group3,sequential_haofang_csv,350,,0.9148936170212766,0.344,0.5,0.7096774193548387,0.24858757062146894,0.36820083682008364,0.4341004184100418,0.7152317880794702,43.0,173.0,4.0,82.0,193.0,302.0,77.51054620742798,,,,,,,,,,,,,,,,,,,,,,,,,,,,,,,,,,,,,,,,,,,,,
detail,group3,random,350,20260573.0,0.8583333333333333,0.824,0.8408163265306122,0.8791208791208791,0.903954802259887,0.8913649025069638,0.866090614518788,0.8708609271523179,103.0,160.0,17.0,22.0,0.0,302.0,34.33029294013977,,,,,,,,,,,,,,,,,,,,,,,,,,,,,,,,,,,,,,,,,,,,,
detail,group4,sequential_haofang_csv,0,,0.8861788617886179,0.8134328358208955,0.8482490272373541,0.8603351955307262,0.9166666666666666,0.8876080691642652,0.8679285482008097,0.8708609271523179,109.0,154.0,14.0,25.0,0.0,302.0,20.58800435066223,,,,,,,,,,,,,,,,,,,,,,,,,,,,,,,,,,,,,,,,,,,,,
detail,group4,random,0,20260224.0,0.8861788617886179,0.8134328358208955,0.8482490272373541,0.8603351955307262,0.9166666666666666,0.8876080691642652,0.8679285482008097,0.8708609271523179,109.0,154.0,14.0,25.0,0.0,302.0,20.25175642967224,,,,,,,,,,,,,,,,,,,,,,,,,,,,,,,,,,,,,,,,,,,,,
detail,group4,sequential_haofang_csv,200,,0.8137254901960784,0.6194029850746269,0.7033898305084746,0.8974358974358975,0.4166666666666667,0.5691056910569106,0.6362477607826926,0.7682119205298014,83.0,149.0,19.0,51.0,122.0,302.0,77.05640602111816,,,,,,,,,,,,,,,,,,,,,,,,,,,,,,,,,,,,,,,,,,,,,
detail,group4,random,200,20260424.0,0.8861788617886179,0.8134328358208955,0.8482490272373541,0.8603351955307262,0.9166666666666666,0.8876080691642652,0.8679285482008097,0.8708609271523179,109.0,154.0,14.0,25.0,0.0,302.0,34.11809277534485,,,,,,,,,,,,,,,,,,,,,,,,,,,,,,,,,,,,,,,,,,,,,
detail,group4,sequential_haofang_csv,250,,0.9,0.26865671641791045,0.41379310344827586,0.8478260869565217,0.23214285714285715,0.36448598130841126,0.3891395423783436,0.6622516556291391,36.0,164.0,4.0,98.0,216.0,302.0,79.18174004554749,,,,,,,,,,,,,,,,,,,,,,,,,,,,,,,,,,,,,,,,,,,,,
detail,group4,random,250,20260474.0,0.8842975206611571,0.7985074626865671,0.8392156862745099,0.850828729281768,0.9166666666666666,0.8825214899713467,0.8608685881229283,0.8642384105960265,107.0,154.0,14.0,27.0,0.0,302.0,34.07078003883362,,,,,,,,,,,,,,,,,,,,,,,,,,,,,,,,,,,,,,,,,,,,,
detail,group4,sequential_haofang_csv,300,,0.8450704225352113,0.44776119402985076,0.5853658536585367,0.8260869565217391,0.3392857142857143,0.4810126582278481,0.5331892559431923,0.7185430463576159,60.0,157.0,11.0,74.0,162.0,302.0,79.25753712654114,,,,,,,,,,,,,,,,,,,,,,,,,,,,,,,,,,,,,,,,,,,,,
detail,group4,random,300,20260524.0,0.8661417322834646,0.8208955223880597,0.842911877394636,0.8628571428571429,0.8988095238095238,0.880466472303207,0.8616891748489215,0.8642384105960265,110.0,151.0,17.0,24.0,0.0,302.0,33.74412655830383,,,,,,,,,,,,,,,,,,,,,,,,,,,,,,,,,,,,,,,,,,,,,
detail,group4,sequential_haofang_csv,350,,0.775,0.4626865671641791,0.5794392523364486,0.71875,0.27380952380952384,0.39655172413793105,0.4879954882371898,0.7019867549668874,62.0,150.0,18.0,72.0,158.0,302.0,79.20234417915344,,,,,,,,,,,,,,,,,,,,,,,,,,,,,,,,,,,,,,,,,,,,,
detail,group4,random,350,20260574.0,0.8861788617886179,0.8134328358208955,0.8482490272373541,0.8603351955307262,0.9166666666666666,0.8876080691642652,0.8679285482008097,0.8708609271523179,109.0,154.0,14.0,25.0,0.0,302.0,33.65259003639221,,,,,,,,,,,,,,,,,,,,,,,,,,,,,,,,,,,,,,,,,,,,,
detail,group5,sequential_haofang_csv,0,,0.9020979020979021,0.8716216216216216,0.8865979381443299,0.8805031446540881,0.9090909090909091,0.8945686900958466,0.8905833141200883,0.890728476821192,129.0,140.0,14.0,19.0,0.0,302.0,20.593969345092773,,,,,,,,,,,,,,,,,,,,,,,,,,,,,,,,,,,,,,,,,,,,,
detail,group5,random,0,20260225.0,0.9020979020979021,0.8716216216216216,0.8865979381443299,0.8805031446540881,0.9090909090909091,0.8945686900958466,0.8905833141200883,0.890728476821192,129.0,140.0,14.0,19.0,0.0,302.0,20.256141901016235,,,,,,,,,,,,,,,,,,,,,,,,,,,,,,,,,,,,,,,,,,,,,
detail,group5,sequential_haofang_csv,200,,0.8947368421052632,0.5743243243243243,0.6995884773662552,0.8529411764705882,0.7532467532467533,0.7999999999999999,0.7497942386831276,0.7582781456953642,85.0,144.0,10.0,63.0,71.0,302.0,76.88120794296265,,,,,,,,,,,,,,,,,,,,,,,,,,,,,,,,,,,,,,,,,,,,,
detail,group5,random,200,20260425.0,0.8904109589041096,0.8783783783783784,0.8843537414965986,0.8846153846153846,0.8961038961038961,0.8903225806451613,0.8873381610708799,0.8874172185430463,130.0,138.0,16.0,18.0,0.0,302.0,33.5903582572937,,,,,,,,,,,,,,,,,,,,,,,,,,,,,,,,,,,,,,,,,,,,,
detail,group5,sequential_haofang_csv,250,,0.8723404255319149,0.27702702702702703,0.4205128205128205,0.8352941176470589,0.461038961038961,0.5941422594142259,0.5073275399635232,0.6258278145695364,41.0,148.0,6.0,107.0,170.0,302.0,79.15783858299255,,,,,,,,,,,,,,,,,,,,,,,,,,,,,,,,,,,,,,,,,,,,,
detail,group5,random,250,20260475.0,0.9071428571428571,0.8581081081081081,0.8819444444444444,0.8703703703703703,0.9155844155844156,0.8924050632911392,0.8871747538677919,0.8874172185430463,127.0,141.0,13.0,21.0,0.0,302.0,34.049612522125244,,,,,,,,,,,,,,,,,,,,,,,,,,,,,,,,,,,,,,,,,,,,,
detail,group5,sequential_haofang_csv,300,,0.8961038961038961,0.46621621621621623,0.6133333333333334,0.865546218487395,0.6688311688311688,0.7545787545787546,0.6839560439560439,0.7119205298013245,69.0,146.0,8.0,79.0,106.0,302.0,79.37414193153381,,,,,,,,,,,,,,,,,,,,,,,,,,,,,,,,,,,,,,,,,,,,,
detail,group5,random,300,20260525.0,0.8972602739726028,0.8851351351351351,0.891156462585034,0.8910256410256411,0.9025974025974026,0.8967741935483873,0.8939653280667106,0.8940397350993378,131.0,139.0,15.0,17.0,0.0,302.0,33.72418761253357,,,,,,,,,,,,,,,,,,,,,,,,,,,,,,,,,,,,,,,,,,,,,
detail,group5,sequential_haofang_csv,350,,0.8,0.32432432432432434,0.46153846153846156,0.7981651376146789,0.564935064935065,0.6615969581749049,0.5615677098566833,0.6291390728476821,48.0,142.0,12.0,100.0,133.0,302.0,78.25713181495667,,,,,,,,,,,,,,,,,,,,,,,,,,,,,,,,,,,,,,,,,,,,,
detail,group5,random,350,20260575.0,0.9064748201438849,0.8513513513513513,0.8780487804878048,0.8650306748466258,0.9155844155844156,0.889589905362776,0.8838193429252904,0.8841059602649006,126.0,141.0,13.0,22.0,0.0,302.0,33.726534843444824,,,,,,,,,,,,,,,,,,,,,,,,,,,,,,,,,,,,,,,,,,,,,
detail,group6,sequential_haofang_csv,0,,0.803921568627451,0.9044117647058824,0.8512110726643598,0.912751677852349,0.8192771084337349,0.8634920634920635,0.8573515680782117,0.8576158940397351,123.0,136.0,30.0,13.0,0.0,302.0,20.411110639572144,,,,,,,,,,,,,,,,,,,,,,,,,,,,,,,,,,,,,,,,,,,,,
detail,group6,random,0,20260226.0,0.803921568627451,0.9044117647058824,0.8512110726643598,0.912751677852349,0.8192771084337349,0.8634920634920635,0.8573515680782117,0.8576158940397351,123.0,136.0,30.0,13.0,0.0,302.0,20.52126932144165,,,,,,,,,,,,,,,,,,,,,,,,,,,,,,,,,,,,,,,,,,,,,
detail,group6,sequential_haofang_csv,200,,0.9253731343283582,0.45588235294117646,0.6108374384236454,0.8518518518518519,0.5542168674698795,0.6715328467153285,0.641185142569487,0.7384105960264901,62.0,161.0,5.0,74.0,127.0,302.0,76.18298482894897,,,,,,,,,,,,,,,,,,,,,,,,,,,,,,,,,,,,,,,,,,,,,
detail,group6,random,200,20260426.0,0.8092105263157895,0.9044117647058824,0.8541666666666667,0.9133333333333333,0.8253012048192772,0.8670886075949367,0.8606276371308017,0.8609271523178808,123.0,137.0,29.0,13.0,0.0,302.0,33.10485553741455,,,,,,,,,,,,,,,,,,,,,,,,,,,,,,,,,,,,,,,,,,,,,
detail,group6,sequential_haofang_csv,250,,0.8409090909090909,0.27205882352941174,0.41111111111111104,0.8405797101449275,0.3493975903614458,0.4936170212765957,0.4523640661938534,0.6490066225165563,37.0,159.0,7.0,99.0,189.0,302.0,77.17178606987,,,,,,,,,,,,,,,,,,,,,,,,,,,,,,,,,,,,,,,,,,,,,
detail,group6,random,250,20260476.0,0.8104575163398693,0.9117647058823529,0.8581314878892733,0.9194630872483222,0.8253012048192772,0.8698412698412697,0.8639863788652715,0.8642384105960265,124.0,137.0,29.0,12.0,0.0,302.0,33.61278057098389,,,,,,,,,,,,,,,,,,,,,,,,,,,,,,,,,,,,,,,,,,,,,
detail,group6,sequential_haofang_csv,300,,0.9152542372881356,0.39705882352941174,0.5538461538461539,0.9146341463414634,0.45180722891566266,0.6048387096774194,0.5793424317617866,0.7119205298013245,54.0,161.0,5.0,82.0,161.0,302.0,77.05565667152405,,,,,,,,,,,,,,,,,,,,,,,,,,,,,,,,,,,,,,,,,,,,,
detail,group6,random,300,20260526.0,0.7960526315789473,0.8897058823529411,0.8402777777777778,0.9,0.8132530120481928,0.8544303797468354,0.8473540787623066,0.847682119205298,121.0,135.0,31.0,15.0,0.0,302.0,34.17512559890747,,,,,,,,,,,,,,,,,,,,,,,,,,,,,,,,,,,,,,,,,,,,,
detail,group6,sequential_haofang_csv,350,,0.8490566037735849,0.33088235294117646,0.4761904761904762,0.7857142857142857,0.3313253012048193,0.46610169491525427,0.47114608555286525,0.6721854304635762,45.0,158.0,8.0,91.0,179.0,302.0,78.80209636688232,,,,,,,,,,,,,,,,,,,,,,,,,,,,,,,,,,,,,,,,,,,,,
detail,group6,random,350,20260576.0,0.8243243243243243,0.8970588235294118,0.8591549295774648,0.9090909090909091,0.8433734939759037,0.8750000000000001,0.8670774647887325,0.8675496688741722,122.0,140.0,26.0,14.0,0.0,302.0,33.911176443099976,,,,,,,,,,,,,,,,,,,,,,,,,,,,,,,,,,,,,,,,,,,,,
detail,group7,sequential_haofang_csv,0,,0.9253731343283582,0.8266666666666667,0.8732394366197183,0.8452380952380952,0.9342105263157895,0.8875000000000001,0.8803697183098591,0.8807947019867549,124.0,142.0,10.0,26.0,0.0,302.0,20.40444850921631,,,,,,,,,,,,,,,,,,,,,,,,,,,,,,,,,,,,,,,,,,,,,
detail,group7,random,0,20260227.0,0.9253731343283582,0.8266666666666667,0.8732394366197183,0.8452380952380952,0.9342105263157895,0.8875000000000001,0.8803697183098591,0.8807947019867549,124.0,142.0,10.0,26.0,0.0,302.0,20.5942223072052,,,,,,,,,,,,,,,,,,,,,,,,,,,,,,,,,,,,,,,,,,,,,
detail,group7,sequential_haofang_csv,200,,0.9347826086956522,0.5733333333333334,0.7107438016528925,0.7846153846153846,0.6710526315789473,0.7234042553191491,0.7170740284860209,0.7682119205298014,86.0,146.0,6.0,64.0,80.0,302.0,76.98976373672485,,,,,,,,,,,,,,,,,,,,,,,,,,,,,,,,,,,,,,,,,,,,,
detail,group7,random,200,20260427.0,0.9323308270676691,0.8266666666666667,0.8763250883392226,0.8461538461538461,0.9407894736842105,0.8909657320872274,0.883645410213225,0.8841059602649006,124.0,143.0,9.0,26.0,0.0,302.0,33.302024841308594,,,,,,,,,,,,,,,,,,,,,,,,,,,,,,,,,,,,,,,,,,,,,
detail,group7,sequential_haofang_csv,250,,0.8846153846153846,0.30666666666666664,0.4554455445544554,0.7586206896551724,0.2894736842105263,0.41904761904761906,0.43724658180103726,0.6357615894039735,46.0,146.0,6.0,104.0,192.0,302.0,78.94511485099792,,,,,,,,,,,,,,,,,,,,,,,,,,,,,,,,,,,,,,,,,,,,,
detail,group7,random,250,20260477.0,0.9312977099236641,0.8133333333333334,0.8683274021352313,0.8362573099415205,0.9407894736842105,0.8854489164086689,0.8768881592719501,0.8774834437086093,122.0,143.0,9.0,28.0,0.0,302.0,34.052422285079956,,,,,,,,,,,,,,,,,,,,,,,,,,,,,,,,,,,,,,,,,,,,,
detail,group7,sequential_haofang_csv,300,,0.8375,0.44666666666666666,0.5826086956521739,0.7647058823529411,0.34210526315789475,0.4727272727272727,0.5276679841897233,0.6821192052980133,67.0,139.0,13.0,83.0,154.0,302.0,79.36687850952148,,,,,,,,,,,,,,,,,,,,,,,,,,,,,,,,,,,,,,,,,,,,,
detail,group7,random,300,20260527.0,0.87248322147651,0.8666666666666667,0.8695652173913044,0.869281045751634,0.875,0.8721311475409835,0.870848182466144,0.8708609271523179,130.0,133.0,19.0,20.0,0.0,302.0,33.85785388946533,,,,,,,,,,,,,,,,,,,,,,,,,,,,,,,,,,,,,,,,,,,,,
detail,group7,sequential_haofang_csv,350,,0.8813559322033898,0.3466666666666667,0.49760765550239244,0.7121212121212122,0.3092105263157895,0.4311926605504587,0.46440015802642554,0.652317880794702,52.0,145.0,7.0,98.0,177.0,302.0,79.02279543876648,,,,,,,,,,,,,,,,,,,,,,,,,,,,,,,,,,,,,,,,,,,,,
detail,group7,random,350,20260577.0,0.8737864077669902,0.6,0.7114624505928854,0.9354838709677419,0.19078947368421054,0.31693989071038253,0.514201170651634,0.7582781456953642,90.0,139.0,13.0,60.0,168.0,302.0,54.982600927352905,,,,,,,,,,,,,,,,,,,,,,,,,,,,,,,,,,,,,,,,,,,,,
detail,group8,sequential_haofang_csv,0,,0.8549618320610687,0.9032258064516129,0.8784313725490195,0.9298245614035088,0.8932584269662921,0.9111747851002865,0.894803078824653,0.8973509933774835,112.0,159.0,19.0,12.0,0.0,302.0,20.645260095596313,,,,,,,,,,,,,,,,,,,,,,,,,,,,,,,,,,,,,,,,,,,,,
detail,group8,random,0,20260228.0,0.8549618320610687,0.9032258064516129,0.8784313725490195,0.9298245614035088,0.8932584269662921,0.9111747851002865,0.894803078824653,0.8973509933774835,112.0,159.0,19.0,12.0,0.0,302.0,20.454822778701782,,,,,,,,,,,,,,,,,,,,,,,,,,,,,,,,,,,,,,,,,,,,,
detail,group8,sequential_haofang_csv,200,,0.78125,0.20161290322580644,0.3205128205128205,0.8785046728971962,0.5280898876404494,0.6596491228070175,0.490080971659919,0.6490066225165563,25.0,171.0,7.0,99.0,163.0,302.0,77.2356595993042,,,,,,,,,,,,,,,,,,,,,,,,,,,,,,,,,,,,,,,,,,,,,
detail,group8,random,200,20260428.0,0.8615384615384616,0.9032258064516129,0.8818897637795274,0.9302325581395349,0.898876404494382,0.9142857142857143,0.8980877390326208,0.9006622516556292,112.0,160.0,18.0,12.0,0.0,302.0,33.6001341342926,,,,,,,,,,,,,,,,,,,,,,,,,,,,,,,,,,,,,,,,,,,,,
detail,group8,sequential_haofang_csv,250,,0.7857142857142857,0.08870967741935484,0.15942028985507248,0.9322033898305084,0.3089887640449438,0.4641350210970464,0.31177765547605946,0.6158940397350994,11.0,175.0,3.0,113.0,229.0,302.0,78.62394666671753,,,,,,,,,,,,,,,,,,,,,,,,,,,,,,,,,,,,,,,,,,,,,
detail,group8,random,250,20260478.0,0.8538461538461538,0.8951612903225806,0.8740157480314961,0.9244186046511628,0.8932584269662921,0.9085714285714286,0.8912935883014623,0.8940397350993378,111.0,159.0,19.0,13.0,0.0,302.0,33.79565453529358,,,,,,,,,,,,,,,,,,,,,,,,,,,,,,,,,,,,,,,,,,,,,
detail,group8,sequential_haofang_csv,300,,0.8846153846153846,0.18548387096774194,0.3066666666666667,0.8625,0.38764044943820225,0.5348837209302326,0.42077519379844963,0.6556291390728477,23.0,175.0,3.0,101.0,196.0,302.0,79.98036694526672,,,,,,,,,,,,,,,,,,,,,,,,,,,,,,,,,,,,,,,,,,,,,
detail,group8,random,300,20260528.0,0.8515625,0.8790322580645161,0.8650793650793651,0.9137931034482759,0.8932584269662921,0.9034090909090908,0.884244227994228,0.8874172185430463,109.0,159.0,19.0,15.0,0.0,302.0,33.71874475479126,,,,,,,,,,,,,,,,,,,,,,,,,,,,,,,,,,,,,,,,,,,,,
detail,group8,sequential_haofang_csv,350,,0.7894736842105263,0.24193548387096775,0.37037037037037035,0.8070175438596491,0.25842696629213485,0.3914893617021276,0.380929866036249,0.6622516556291391,30.0,170.0,8.0,94.0,207.0,302.0,80.11475419998169,,,,,,,,,,,,,,,,,,,,,,,,,,,,,,,,,,,,,,,,,,,,,
detail,group8,random,350,20260578.0,0.8538461538461538,0.8951612903225806,0.8740157480314961,0.9244186046511628,0.8932584269662921,0.9085714285714286,0.8912935883014623,0.8940397350993378,111.0,159.0,19.0,13.0,0.0,302.0,33.77537727355957,,,,,,,,,,,,,,,,,,,,,,,,,,,,,,,,,,,,,,,,,,,,,
detail,group9,sequential_haofang_csv,0,,0.8833333333333333,0.8091603053435115,0.8446215139442231,0.8626373626373627,0.9181286549707602,0.8895184135977338,0.8670699637709784,0.8708609271523179,106.0,157.0,14.0,25.0,0.0,302.0,20.683675289154053,,,,,,,,,,,,,,,,,,,,,,,,,,,,,,,,,,,,,,,,,,,,,
detail,group9,random,0,20260229.0,0.8833333333333333,0.8091603053435115,0.8446215139442231,0.8626373626373627,0.9181286549707602,0.8895184135977338,0.8670699637709784,0.8708609271523179,106.0,157.0,14.0,25.0,0.0,302.0,20.394004583358765,,,,,,,,,,,,,,,,,,,,,,,,,,,,,,,,,,,,,,,,,,,,,
detail,group9,sequential_haofang_csv,200,,0.9310344827586207,0.4122137404580153,0.5714285714285715,0.8159509202453987,0.7777777777777778,0.7964071856287425,0.683917878528657,0.7317880794701986,54.0,167.0,4.0,77.0,81.0,302.0,77.30736088752747,,,,,,,,,,,,,,,,,,,,,,,,,,,,,,,,,,,,,,,,,,,,,
detail,group9,random,200,20260429.0,0.8842975206611571,0.816793893129771,0.8492063492063492,0.8674033149171271,0.9181286549707602,0.8920454545454546,0.8706259018759019,0.8741721854304636,107.0,157.0,14.0,24.0,0.0,302.0,34.143635749816895,,,,,,,,,,,,,,,,,,,,,,,,,,,,,,,,,,,,,,,,,,,,,
detail,group9,sequential_haofang_csv,250,,0.9333333333333333,0.21374045801526717,0.3478260869565218,0.8529411764705882,0.5087719298245614,0.6373626373626374,0.49259436215957964,0.652317880794702,28.0,169.0,2.0,103.0,170.0,302.0,79.23933362960815,,,,,,,,,,,,,,,,,,,,,,,,,,,,,,,,,,,,,,,,,,,,,
detail,group9,random,250,20260479.0,0.8907563025210085,0.8091603053435115,0.848,0.8633879781420765,0.9239766081871345,0.8926553672316384,0.8703276836158191,0.8741721854304636,106.0,158.0,13.0,25.0,0.0,302.0,33.92841911315918,,,,,,,,,,,,,,,,,,,,,,,,,,,,,,,,,,,,,,,,,,,,,
detail,group9,sequential_haofang_csv,300,,0.8387096774193549,0.3969465648854962,0.538860103626943,0.875,0.6140350877192983,0.7216494845360825,0.6302547940815127,0.7052980132450332,52.0,161.0,10.0,79.0,120.0,302.0,80.58468961715698,,,,,,,,,,,,,,,,,,,,,,,,,,,,,,,,,,,,,,,,,,,,,
detail,group9,random,300,20260529.0,0.8650793650793651,0.8320610687022901,0.8482490272373542,0.875,0.9005847953216374,0.8876080691642652,0.8679285482008097,0.8708609271523179,109.0,154.0,17.0,22.0,0.0,302.0,33.92539095878601,,,,,,,,,,,,,,,,,,,,,,,,,,,,,,,,,,,,,,,,,,,,,
detail,group9,sequential_haofang_csv,350,,0.7407407407407407,0.3053435114503817,0.4324324324324324,0.8247422680412371,0.4678362573099415,0.5970149253731343,0.5147236789027834,0.652317880794702,40.0,157.0,14.0,91.0,151.0,302.0,77.86035084724426,,,,,,,,,,,,,,,,,,,,,,,,,,,,,,,,,,,,,,,,,,,,,
detail,group9,random,350,20260579.0,0.918918918918919,0.7786259541984732,0.8429752066115701,0.8481675392670157,0.9473684210526315,0.8950276243093923,0.8690014154604813,0.8741721854304636,102.0,162.0,9.0,29.0,0.0,302.0,33.5461368560791,,,,,,,,,,,,,,,,,,,,,,,,,,,,,,,,,,,,,,,,,,,,,
detail,group10,sequential_haofang_csv,0,,0.8888888888888888,0.8115942028985508,0.8484848484848485,0.8522727272727273,0.9146341463414634,0.8823529411764706,0.8654188948306596,0.8675496688741722,112.0,150.0,14.0,26.0,0.0,302.0,20.2844979763031,,,,,,,,,,,,,,,,,,,,,,,,,,,,,,,,,,,,,,,,,,,,,
detail,group10,random,0,20260230.0,0.8888888888888888,0.8115942028985508,0.8484848484848485,0.8522727272727273,0.9146341463414634,0.8823529411764706,0.8654188948306596,0.8675496688741722,112.0,150.0,14.0,26.0,0.0,302.0,20.333813428878784,,,,,,,,,,,,,,,,,,,,,,,,,,,,,,,,,,,,,,,,,,,,,
detail,group10,sequential_haofang_csv,200,,0.9318181818181818,0.2971014492753623,0.4505494505494506,0.8214285714285714,0.5609756097560976,0.6666666666666667,0.5586080586080586,0.6688741721854304,41.0,161.0,3.0,97.0,146.0,302.0,76.09824776649475,,,,,,,,,,,,,,,,,,,,,,,,,,,,,,,,,,,,,,,,,,,,,
detail,group10,random,200,20260430.0,0.875,0.8115942028985508,0.8421052631578948,0.8505747126436781,0.9024390243902439,0.8757396449704142,0.8589224540641545,0.8609271523178808,112.0,148.0,16.0,26.0,0.0,302.0,33.593894720077515,,,,,,,,,,,,,,,,,,,,,,,,,,,,,,,,,,,,,,,,,,,,,
detail,group10,sequential_haofang_csv,250,,0.896551724137931,0.18840579710144928,0.31137724550898205,0.8441558441558441,0.39634146341463417,0.5394190871369294,0.42539816632295574,0.6192052980132451,26.0,161.0,3.0,112.0,196.0,302.0,78.83316230773926,,,,,,,,,,,,,,,,,,,,,,,,,,,,,,,,,,,,,,,,,,,,,
detail,group10,random,250,20260480.0,0.888,0.8043478260869565,0.844106463878327,0.847457627118644,0.9146341463414634,0.8797653958944283,0.8619359298863776,0.8642384105960265,111.0,150.0,14.0,27.0,0.0,302.0,34.10500431060791,,,,,,,,,,,,,,,,,,,,,,,,,,,,,,,,,,,,,,,,,,,,,
detail,group10,sequential_haofang_csv,300,,0.7804878048780488,0.2318840579710145,0.3575418994413408,0.8415841584158416,0.5182926829268293,0.6415094339622641,0.49952566670180243,0.6192052980132451,32.0,155.0,9.0,106.0,160.0,302.0,80.04492354393005,,,,,,,,,,,,,,,,,,,,,,,,,,,,,,,,,,,,,,,,,,,,,
detail,group10,random,300,20260530.0,0.8682170542635659,0.8115942028985508,0.8389513108614233,0.8497109826589595,0.8963414634146342,0.8724035608308605,0.8556774358461419,0.8576158940397351,112.0,147.0,17.0,26.0,0.0,302.0,33.58714842796326,,,,,,,,,,,,,,,,,,,,,,,,,,,,,,,,,,,,,,,,,,,,,
detail,group10,sequential_haofang_csv,350,,0.8035714285714286,0.32608695652173914,0.46391752577319595,0.8051948051948052,0.3780487804878049,0.5145228215767635,0.4892201736749797,0.6556291390728477,45.0,153.0,11.0,93.0,169.0,302.0,79.69917058944702,,,,,,,,,,,,,,,,,,,,,,,,,,,,,,,,,,,,,,,,,,,,,
detail,group10,random,350,20260580.0,0.873015873015873,0.7971014492753623,0.8333333333333334,0.8409090909090909,0.9024390243902439,0.8705882352941177,0.8519607843137256,0.8543046357615894,110.0,148.0,16.0,28.0,0.0,302.0,33.651246547698975,,,,,,,,,,,,,,,,,,,,,,,,,,,,,,,,,,,,,,,,,,,,,
summary,ALL_GROUPS,random,0,,,,,,,,,,,,,,,,,0.8832930755852579,0.03377968465427215,0.859128544885716,0.9074576062847999,10.0,0.8505183613185793,0.0399611616638908,0.8219318683509985,0.87910485428616,10.0,0.8654742505139339,0.01780993130531605,0.8527337931594982,0.8782147078683696,10.0,0.8830755333501855,0.028670912018450997,0.8625655984368025,0.9035854682635686,10.0,0.9077116278349386,0.03429984114856959,0.8831749995950063,0.9322482560748709,10.0,0.8944438356633665,0.01585979634632032,0.8830984208194577,0.9057892505072753,10.0,0.8799590430886501,0.015113746316624075,0.8691473202856973,0.890770765891603,10.0,0.8821192052980132,0.015149986699137745,0.8712815576871535,0.892956852908873,10.0,,,,,
summary,ALL_GROUPS,random,200,,,,,,,,,,,,,,,,,0.8813869332783636,0.03342354815852067,0.8574771672805319,0.9052966992761953,10.0,0.851894631879237,0.040889264276027695,0.8226442142985982,0.8811450494598757,10.0,0.8652922726106398,0.01872185970094369,0.851899460980625,0.8786850842406546,10.0,0.8839533662701685,0.029092328470287903,0.8631419681876669,0.9047647643526702,10.0,0.9058472454403634,0.03355901192489781,0.8818405745017427,0.9298539163789842,10.0,0.8940097207731542,0.01585874675471035,0.882665056761852,0.9053543847844564,10.0,0.8796509966918972,0.015566617396677336,0.8685153094343058,0.8907866839494886,10.0,0.8817880794701987,0.015535099532231195,0.8706749387346009,0.8929012202057964,10.0,,,,,
summary,ALL_GROUPS,random,250,,,,,,,,,,,,,,,,,0.8809862863905156,0.034973631439021276,0.8559676576131208,0.9060049151679104,10.0,0.8456960687817272,0.04055004069279569,0.8166883171340276,0.8747038204294268,10.0,0.8617856841657016,0.017477633544176786,0.8492829383095413,0.8742884300218619,10.0,0.8794158807048456,0.030615131306999707,0.8575151350966435,0.9013166263130477,10.0,0.9068545751989807,0.03271999810412253,0.8834480985912713,0.9302610518066902,10.0,0.8920773877337822,0.013786019928427023,0.882215463171889,0.9019393122956754,10.0,0.8769315359497419,0.014020327878742396,0.8669019975774627,0.8869610743220212,10.0,0.8791390728476822,0.01380794260838501,0.8692614657452834,0.889016679950081,10.0,,,,,
summary,ALL_GROUPS,random,300,,,,,,,,,,,,,,,,,0.8681755795047899,0.03567659115249015,0.8426540836417336,0.8936970753678461,10.0,0.8556905868012337,0.03510266557395917,0.8305796525643028,0.8808015210381646,10.0,0.8610574410627494,0.021441137157702243,0.8457193755247439,0.8763955066007549,10.0,0.8853262408302168,0.02285302360842148,0.8689781725692179,0.9016743090912157,10.0,0.892839361134247,0.035594453411059164,0.8673766230717656,0.9183020991967284,10.0,0.8885359459906764,0.019470981297580084,0.8746072450530827,0.9024646469282701,10.0,0.8747966935267127,0.018684226237456296,0.8614308032546999,0.8881625837987256,10.0,0.87682119205298,0.01884801254404994,0.8633381361154391,0.890304247990521,10.0,,,,,
summary,ALL_GROUPS,random,350,,,,,,,,,,,,,,,,,0.8754192641343458,0.02663664326688701,0.8563645574210303,0.8944739708476612,10.0,0.8220796522482783,0.0894723937722785,0.7580749574679707,0.8860843470285859,10.0,0.8449438841674006,0.05052918550952519,0.8087974823591958,0.8810902859756055,10.0,0.8880183168878533,0.033773203170733956,0.8638584227623214,0.9121782110133851,10.0,0.83240619022806,0.2269473322055945,0.670057848839158,0.9947545316169619,10.0,0.8348613044063278,0.1824374040671939,0.7043534474962754,0.9653691613163802,10.0,0.8399025942868642,0.11534880242054651,0.7573870318778417,0.9224181566958867,10.0,0.8665562913907285,0.040525917563899255,0.837565796389879,0.895546786391578,10.0,,,,,
summary,ALL_GROUPS,sequential_haofang_csv,0,,,,,,,,,,,,,,,,,0.8832930755852579,0.03377968465427215,0.859128544885716,0.9074576062847999,10.0,0.8505183613185793,0.0399611616638908,0.8219318683509985,0.87910485428616,10.0,0.8654742505139339,0.01780993130531605,0.8527337931594982,0.8782147078683696,10.0,0.8830755333501855,0.028670912018450997,0.8625655984368025,0.9035854682635686,10.0,0.9077116278349386,0.03429984114856959,0.8831749995950063,0.9322482560748709,10.0,0.8944438356633665,0.01585979634632032,0.8830984208194577,0.9057892505072753,10.0,0.8799590430886501,0.015113746316624075,0.8691473202856973,0.890770765891603,10.0,0.8821192052980132,0.015149986699137745,0.8712815576871535,0.892956852908873,10.0,,,,,
summary,ALL_GROUPS,sequential_haofang_csv,200,,,,,,,,,,,,,,,,,0.8942834376265791,0.054473426814357725,0.8553154955620779,0.9332513796910804,10.0,0.4635781393322819,0.1326137766838607,0.36871195835228665,0.5584443203122772,10.0,0.5999566355020346,0.1263482202934481,0.5095725635557804,0.6903407074482888,10.0,0.8432478690276499,0.03187660571491718,0.8204447189900166,0.8660510190652833,10.0,0.6041210823755264,0.11173942628433339,0.5241875121118534,0.6840546526391994,10.0,0.6971172589442742,0.07121633256499113,0.6461721636247455,0.748062354263803,10.0,0.6485369472231544,0.07533370533766473,0.5946464608561652,0.7024274335901435,10.0,0.7374172185430463,0.04370777308719186,0.7061505612197523,0.7686838758663403,10.0,,,,,
summary,ALL_GROUPS,sequential_haofang_csv,250,,,,,,,,,,,,,,,,,0.879347380904347,0.040685916417931796,0.8502424296183152,0.9084523321903789,10.0,0.25275992983236123,0.07526638396671433,0.19891760227300206,0.30660225739172037,10.0,0.38755858360969186,0.09817899979329693,0.3173255580845291,0.4577916091348546,10.0,0.8406886166375772,0.0420612376854802,0.810599819784852,0.8707774134903025,10.0,0.3454561321023579,0.08927079642899201,0.28159565137379927,0.4093166128309166,10.0,0.48375139545237716,0.08835599012039944,0.42054532773431186,0.5469574631704425,10.0,0.43565498953103454,0.06132802926717143,0.39178356026410843,0.47952641879796065,10.0,0.6513245033112584,0.03244545021934307,0.6281144264289504,0.6745345801935663,10.0,,,,,
summary,ALL_GROUPS,sequential_haofang_csv,300,,,,,,,,,,,,,,,,,0.8634300562624977,0.04631624970012181,0.8302974071800352,0.8965627053449602,10.0,0.3896034739924278,0.1065310072867715,0.3133957822279416,0.46581116575691395,10.0,0.5295815555188556,0.11440816168352393,0.4477388869571161,0.6114242240805949,10.0,0.8427958292606517,0.04959612239895813,0.807316900592314,0.8782747579289893,10.0,0.4437582350880196,0.12502859724797852,0.3543181646006434,0.5331983055753958,10.0,0.5740055360347417,0.1107900820378272,0.49475108573396726,0.6532599863355161,10.0,0.5517935457767986,0.08097057123185442,0.49387068846427074,0.6097164030893265,10.0,0.7003311258278146,0.04673060293601886,0.6669020662965346,0.7337601853590947,10.0,,,,,
summary,ALL_GROUPS,sequential_haofang_csv,350,,,,,,,,,,,,,,,,,0.8292126194555134,0.05871102420957396,0.7872132828295461,0.8712119560814807,10.0,0.33176099893801514,0.05539361563402451,0.292134793446552,0.37138720442947826,10.0,0.4710030533212068,0.05344017603345399,0.4327742543384429,0.5092318523039707,10.0,0.7864997129732032,0.05989959275538783,0.7436501256297474,0.829349300316659,10.0,0.34802636146699273,0.11081435898581815,0.26875454448381664,0.4272981784501688,10.0,0.47525639397433694,0.10860263466011393,0.3975667492616958,0.5529460386869781,10.0,0.4731297236477719,0.05713460918815647,0.4322580863940793,0.5140013609014645,10.0,0.6698675496688742,0.026121889540528093,0.6511810755885928,0.6885540237491555,10.0,,,,,
ttest,ALL_GROUPS,random,200,,,,,,,,,,,,,,,,,,,,,,,,,,,,,,,,,,,,,,,,,,,,,,,,,,,,,,,,,vs_n0_same_mode,haofang_precision,-0.6731311733708506,0.517773480575984,10.0
ttest,ALL_GROUPS,random,200,,,,,,,,,,,,,,,,,,,,,,,,,,,,,,,,,,,,,,,,,,,,,,,,,,,,,,,,,vs_n0_same_mode,haofang_recall,0.9243997274978629,0.37939602933979577,10.0
ttest,ALL_GROUPS,random,200,,,,,,,,,,,,,,,,,,,,,,,,,,,,,,,,,,,,,,,,,,,,,,,,,,,,,,,,,vs_n0_same_mode,haofang_f1,-0.14202273496450646,0.8901904871013627,10.0
ttest,ALL_GROUPS,random,200,,,,,,,,,,,,,,,,,,,,,,,,,,,,,,,,,,,,,,,,,,,,,,,,,,,,,,,,,vs_n0_same_mode,wanyue_precision,0.919140724779964,0.38199565299362304,10.0
ttest,ALL_GROUPS,random,200,,,,,,,,,,,,,,,,,,,,,,,,,,,,,,,,,,,,,,,,,,,,,,,,,,,,,,,,,vs_n0_same_mode,wanyue_recall,-0.7273840449167996,0.4854810195383291,10.0
ttest,ALL_GROUPS,random,200,,,,,,,,,,,,,,,,,,,,,,,,,,,,,,,,,,,,,,,,,,,,,,,,,,,,,,,,,vs_n0_same_mode,wanyue_f1,-0.3501697040948173,0.7342667128510904,10.0
ttest,ALL_GROUPS,random,200,,,,,,,,,,,,,,,,,,,,,,,,,,,,,,,,,,,,,,,,,,,,,,,,,,,,,,,,,vs_n0_same_mode,macro_f1,-0.24722107764801549,0.8102844551565007,10.0
ttest,ALL_GROUPS,random,200,,,,,,,,,,,,,,,,,,,,,,,,,,,,,,,,,,,,,,,,,,,,,,,,,,,,,,,,,vs_n0_same_mode,accuracy,-0.2641352718976892,0.7976245209721011,10.0
ttest,ALL_GROUPS,random,250,,,,,,,,,,,,,,,,,,,,,,,,,,,,,,,,,,,,,,,,,,,,,,,,,,,,,,,,,vs_n0_same_mode,haofang_precision,-0.5036902085825732,0.6265765815350217,10.0
ttest,ALL_GROUPS,random,250,,,,,,,,,,,,,,,,,,,,,,,,,,,,,,,,,,,,,,,,,,,,,,,,,,,,,,,,,vs_n0_same_mode,haofang_recall,-1.4552504821872851,0.17957478274062993,10.0
ttest,ALL_GROUPS,random,250,,,,,,,,,,,,,,,,,,,,,,,,,,,,,,,,,,,,,,,,,,,,,,,,,,,,,,,,,vs_n0_same_mode,haofang_f1,-2.190432582818955,0.05621059990162026,10.0
ttest,ALL_GROUPS,random,250,,,,,,,,,,,,,,,,,,,,,,,,,,,,,,,,,,,,,,,,,,,,,,,,,,,,,,,,,vs_n0_same_mode,wanyue_precision,-1.7706175124736319,0.11039893228659194,10.0
ttest,ALL_GROUPS,random,250,,,,,,,,,,,,,,,,,,,,,,,,,,,,,,,,,,,,,,,,,,,,,,,,,,,,,,,,,vs_n0_same_mode,wanyue_recall,-0.21986798163345975,0.8308799992702796,10.0
ttest,ALL_GROUPS,random,250,,,,,,,,,,,,,,,,,,,,,,,,,,,,,,,,,,,,,,,,,,,,,,,,,,,,,,,,,vs_n0_same_mode,wanyue_f1,-1.4583541224248342,0.17873914668040744,10.0
ttest,ALL_GROUPS,random,250,,,,,,,,,,,,,,,,,,,,,,,,,,,,,,,,,,,,,,,,,,,,,,,,,,,,,,,,,vs_n0_same_mode,macro_f1,-1.8600692999655695,0.09580281748263278,10.0
ttest,ALL_GROUPS,random,250,,,,,,,,,,,,,,,,,,,,,,,,,,,,,,,,,,,,,,,,,,,,,,,,,,,,,,,,,vs_n0_same_mode,accuracy,-1.7842102212287514,0.10805524234601796,10.0
ttest,ALL_GROUPS,random,300,,,,,,,,,,,,,,,,,,,,,,,,,,,,,,,,,,,,,,,,,,,,,,,,,,,,,,,,,vs_n0_same_mode,haofang_precision,-2.3668847978040337,0.042123459094326354,10.0
ttest,ALL_GROUPS,random,300,,,,,,,,,,,,,,,,,,,,,,,,,,,,,,,,,,,,,,,,,,,,,,,,,,,,,,,,,vs_n0_same_mode,haofang_recall,0.8391851901403259,0.4230947642552859,10.0
ttest,ALL_GROUPS,random,300,,,,,,,,,,,,,,,,,,,,,,,,,,,,,,,,,,,,,,,,,,,,,,,,,,,,,,,,,vs_n0_same_mode,haofang_f1,-2.0091970733393314,0.07542568974180697,10.0
ttest,ALL_GROUPS,random,300,,,,,,,,,,,,,,,,,,,,,,,,,,,,,,,,,,,,,,,,,,,,,,,,,,,,,,,,,vs_n0_same_mode,wanyue_precision,0.5717348117444382,0.5814975883756367,10.0
ttest,ALL_GROUPS,random,300,,,,,,,,,,,,,,,,,,,,,,,,,,,,,,,,,,,,,,,,,,,,,,,,,,,,,,,,,vs_n0_same_mode,wanyue_recall,-2.3599286240062987,0.04260635201418774,10.0
ttest,ALL_GROUPS,random,300,,,,,,,,,,,,,,,,,,,,,,,,,,,,,,,,,,,,,,,,,,,,,,,,,,,,,,,,,vs_n0_same_mode,wanyue_f1,-2.917907356459844,0.01708991039223415,10.0
ttest,ALL_GROUPS,random,300,,,,,,,,,,,,,,,,,,,,,,,,,,,,,,,,,,,,,,,,,,,,,,,,,,,,,,,,,vs_n0_same_mode,macro_f1,-2.6116903557184146,0.02819249692411537,10.0
ttest,ALL_GROUPS,random,300,,,,,,,,,,,,,,,,,,,,,,,,,,,,,,,,,,,,,,,,,,,,,,,,,,,,,,,,,vs_n0_same_mode,accuracy,-2.6666666666666767,0.0257627916678864,10.0
ttest,ALL_GROUPS,random,350,,,,,,,,,,,,,,,,,,,,,,,,,,,,,,,,,,,,,,,,,,,,,,,,,,,,,,,,,vs_n0_same_mode,haofang_precision,-0.9515954561131063,0.36615671402506245,10.0
ttest,ALL_GROUPS,random,350,,,,,,,,,,,,,,,,,,,,,,,,,,,,,,,,,,,,,,,,,,,,,,,,,,,,,,,,,vs_n0_same_mode,haofang_recall,-1.268116584197697,0.23657696407104228,10.0
ttest,ALL_GROUPS,random,350,,,,,,,,,,,,,,,,,,,,,,,,,,,,,,,,,,,,,,,,,,,,,,,,,,,,,,,,,vs_n0_same_mode,haofang_f1,-1.2952118136065698,0.22748274873497518,10.0
ttest,ALL_GROUPS,random,350,,,,,,,,,,,,,,,,,,,,,,,,,,,,,,,,,,,,,,,,,,,,,,,,,,,,,,,,,vs_n0_same_mode,wanyue_precision,0.5055606380745788,0.6253140117591593,10.0
ttest,ALL_GROUPS,random,350,,,,,,,,,,,,,,,,,,,,,,,,,,,,,,,,,,,,,,,,,,,,,,,,,,,,,,,,,vs_n0_same_mode,wanyue_recall,-1.011384422356097,0.3382490274054506,10.0
ttest,ALL_GROUPS,random,350,,,,,,,,,,,,,,,,,,,,,,,,,,,,,,,,,,,,,,,,,,,,,,,,,,,,,,,,,vs_n0_same_mode,wanyue_f1,-1.0485156027246192,0.3217409409276224,10.0
ttest,ALL_GROUPS,random,350,,,,,,,,,,,,,,,,,,,,,,,,,,,,,,,,,,,,,,,,,,,,,,,,,,,,,,,,,vs_n0_same_mode,macro_f1,-1.1033064049094066,0.29851953925998487,10.0
ttest,ALL_GROUPS,random,350,,,,,,,,,,,,,,,,,,,,,,,,,,,,,,,,,,,,,,,,,,,,,,,,,,,,,,,,,vs_n0_same_mode,accuracy,-1.2849547509157693,0.23089054098343084,10.0
ttest,ALL_GROUPS,sequential_haofang_csv,200,,,,,,,,,,,,,,,,,,,,,,,,,,,,,,,,,,,,,,,,,,,,,,,,,,,,,,,,,vs_n0_same_mode,haofang_precision,0.5920575379897453,0.5683852187185852,10.0
ttest,ALL_GROUPS,sequential_haofang_csv,200,,,,,,,,,,,,,,,,,,,,,,,,,,,,,,,,,,,,,,,,,,,,,,,,,,,,,,,,,vs_n0_same_mode,haofang_recall,-8.488721323409356,1.3740905052205415e-05,10.0
ttest,ALL_GROUPS,sequential_haofang_csv,200,,,,,,,,,,,,,,,,,,,,,,,,,,,,,,,,,,,,,,,,,,,,,,,,,,,,,,,,,vs_n0_same_mode,haofang_f1,-6.702963103467156,8.823872960302553e-05,10.0
ttest,ALL_GROUPS,sequential_haofang_csv,200,,,,,,,,,,,,,,,,,,,,,,,,,,,,,,,,,,,,,,,,,,,,,,,,,,,,,,,,,vs_n0_same_mode,wanyue_precision,-4.130443651068878,0.0025577959726663714,10.0
ttest,ALL_GROUPS,sequential_haofang_csv,200,,,,,,,,,,,,,,,,,,,,,,,,,,,,,,,,,,,,,,,,,,,,,,,,,,,,,,,,,vs_n0_same_mode,wanyue_recall,-8.916589444320014,9.213209995356283e-06,10.0
ttest,ALL_GROUPS,sequential_haofang_csv,200,,,,,,,,,,,,,,,,,,,,,,,,,,,,,,,,,,,,,,,,,,,,,,,,,,,,,,,,,vs_n0_same_mode,wanyue_f1,-8.69278690743954,1.133329619770945e-05,10.0
ttest,ALL_GROUPS,sequential_haofang_csv,200,,,,,,,,,,,,,,,,,,,,,,,,,,,,,,,,,,,,,,,,,,,,,,,,,,,,,,,,,vs_n0_same_mode,macro_f1,-9.611174749258907,4.972755701881286e-06,10.0
ttest,ALL_GROUPS,sequential_haofang_csv,200,,,,,,,,,,,,,,,,,,,,,,,,,,,,,,,,,,,,,,,,,,,,,,,,,,,,,,,,,vs_n0_same_mode,accuracy,-10.096271657492535,3.303769559012428e-06,10.0
ttest,ALL_GROUPS,sequential_haofang_csv,250,,,,,,,,,,,,,,,,,,,,,,,,,,,,,,,,,,,,,,,,,,,,,,,,,,,,,,,,,vs_n0_same_mode,haofang_precision,-0.34501841272018646,0.7380066060565809,10.0
ttest,ALL_GROUPS,sequential_haofang_csv,250,,,,,,,,,,,,,,,,,,,,,,,,,,,,,,,,,,,,,,,,,,,,,,,,,,,,,,,,,vs_n0_same_mode,haofang_recall,-19.939617543922598,9.32490248138191e-09,10.0
ttest,ALL_GROUPS,sequential_haofang_csv,250,,,,,,,,,,,,,,,,,,,,,,,,,,,,,,,,,,,,,,,,,,,,,,,,,,,,,,,,,vs_n0_same_mode,haofang_f1,-14.988170236215748,1.1358585757878193e-07,10.0
ttest,ALL_GROUPS,sequential_haofang_csv,250,,,,,,,,,,,,,,,,,,,,,,,,,,,,,,,,,,,,,,,,,,,,,,,,,,,,,,,,,vs_n0_same_mode,wanyue_precision,-4.040389803324673,0.0029268840422912333,10.0
ttest,ALL_GROUPS,sequential_haofang_csv,250,,,,,,,,,,,,,,,,,,,,,,,,,,,,,,,,,,,,,,,,,,,,,,,,,,,,,,,,,vs_n0_same_mode,wanyue_recall,-18.442344118022696,1.8540262066426077e-08,10.0
ttest,ALL_GROUPS,sequential_haofang_csv,250,,,,,,,,,,,,,,,,,,,,,,,,,,,,,,,,,,,,,,,,,,,,,,,,,,,,,,,,,vs_n0_same_mode,wanyue_f1,-13.935764221159024,2.1339479214109896e-07,10.0
ttest,ALL_GROUPS,sequential_haofang_csv,250,,,,,,,,,,,,,,,,,,,,,,,,,,,,,,,,,,,,,,,,,,,,,,,,,,,,,,,,,vs_n0_same_mode,macro_f1,-20.912792082473395,6.123041653563161e-09,10.0
ttest,ALL_GROUPS,sequential_haofang_csv,250,,,,,,,,,,,,,,,,,,,,,,,,,,,,,,,,,,,,,,,,,,,,,,,,,,,,,,,,,vs_n0_same_mode,accuracy,-20.97195880290108,5.972090054534157e-09,10.0
ttest,ALL_GROUPS,sequential_haofang_csv,300,,,,,,,,,,,,,,,,,,,,,,,,,,,,,,,,,,,,,,,,,,,,,,,,,,,,,,,,,vs_n0_same_mode,haofang_precision,-0.9636292336739157,0.36040748833905767,10.0
ttest,ALL_GROUPS,sequential_haofang_csv,300,,,,,,,,,,,,,,,,,,,,,,,,,,,,,,,,,,,,,,,,,,,,,,,,,,,,,,,,,vs_n0_same_mode,haofang_recall,-11.651613041629558,9.892443729757568e-07,10.0
ttest,ALL_GROUPS,sequential_haofang_csv,300,,,,,,,,,,,,,,,,,,,,,,,,,,,,,,,,,,,,,,,,,,,,,,,,,,,,,,,,,vs_n0_same_mode,haofang_f1,-9.100025680907002,7.799236430569603e-06,10.0
ttest,ALL_GROUPS,sequential_haofang_csv,300,,,,,,,,,,,,,,,,,,,,,,,,,,,,,,,,,,,,,,,,,,,,,,,,,,,,,,,,,vs_n0_same_mode,wanyue_precision,-2.744324736081959,0.022686474374713612,10.0
ttest,ALL_GROUPS,sequential_haofang_csv,300,,,,,,,,,,,,,,,,,,,,,,,,,,,,,,,,,,,,,,,,,,,,,,,,,,,,,,,,,vs_n0_same_mode,wanyue_recall,-11.251307662810904,1.3303373973137154e-06,10.0
ttest,ALL_GROUPS,sequential_haofang_csv,300,,,,,,,,,,,,,,,,,,,,,,,,,,,,,,,,,,,,,,,,,,,,,,,,,,,,,,,,,vs_n0_same_mode,wanyue_f1,-8.7488384072375,1.0756093535429986e-05,10.0
ttest,ALL_GROUPS,sequential_haofang_csv,300,,,,,,,,,,,,,,,,,,,,,,,,,,,,,,,,,,,,,,,,,,,,,,,,,,,,,,,,,vs_n0_same_mode,macro_f1,-12.107916061605506,7.13424641533923e-07,10.0
ttest,ALL_GROUPS,sequential_haofang_csv,300,,,,,,,,,,,,,,,,,,,,,,,,,,,,,,,,,,,,,,,,,,,,,,,,,,,,,,,,,vs_n0_same_mode,accuracy,-11.977310772707938,7.825012355349355e-07,10.0
ttest,ALL_GROUPS,sequential_haofang_csv,350,,,,,,,,,,,,,,,,,,,,,,,,,,,,,,,,,,,,,,,,,,,,,,,,,,,,,,,,,vs_n0_same_mode,haofang_precision,-2.6161225617468244,0.027988329815266864,10.0
ttest,ALL_GROUPS,sequential_haofang_csv,350,,,,,,,,,,,,,,,,,,,,,,,,,,,,,,,,,,,,,,,,,,,,,,,,,,,,,,,,,vs_n0_same_mode,haofang_recall,-19.491732405077684,1.139236801378297e-08,10.0
ttest,ALL_GROUPS,sequential_haofang_csv,350,,,,,,,,,,,,,,,,,,,,,,,,,,,,,,,,,,,,,,,,,,,,,,,,,,,,,,,,,vs_n0_same_mode,haofang_f1,-20.058457528270495,8.848766636629446e-09,10.0
ttest,ALL_GROUPS,sequential_haofang_csv,350,,,,,,,,,,,,,,,,,,,,,,,,,,,,,,,,,,,,,,,,,,,,,,,,,,,,,,,,,vs_n0_same_mode,wanyue_precision,-5.40004181847564,0.00043298274954106154,10.0
ttest,ALL_GROUPS,sequential_haofang_csv,350,,,,,,,,,,,,,,,,,,,,,,,,,,,,,,,,,,,,,,,,,,,,,,,,,,,,,,,,,vs_n0_same_mode,wanyue_recall,-15.853593457706483,6.969455840352695e-08,10.0
ttest,ALL_GROUPS,sequential_haofang_csv,350,,,,,,,,,,,,,,,,,,,,,,,,,,,,,,,,,,,,,,,,,,,,,,,,,,,,,,,,,vs_n0_same_mode,wanyue_f1,-11.891177969503007,8.320882728811904e-07,10.0
ttest,ALL_GROUPS,sequential_haofang_csv,350,,,,,,,,,,,,,,,,,,,,,,,,,,,,,,,,,,,,,,,,,,,,,,,,,,,,,,,,,vs_n0_same_mode,macro_f1,-20.577552791987458,7.062446162454758e-09,10.0
ttest,ALL_GROUPS,sequential_haofang_csv,350,,,,,,,,,,,,,,,,,,,,,,,,,,,,,,,,,,,,,,,,,,,,,,,,,,,,,,,,,vs_n0_same_mode,accuracy,-22.132708876806294,3.7085978508172953e-09,10.0
ttest,ALL_GROUPS,seq_vs_random,0,,,,,,,,,,,,,,,,,,,,,,,,,,,,,,,,,,,,,,,,,,,,,,,,,,,,,,,,,sequential_vs_random_same_n,haofang_precision,,,10.0
ttest,ALL_GROUPS,seq_vs_random,0,,,,,,,,,,,,,,,,,,,,,,,,,,,,,,,,,,,,,,,,,,,,,,,,,,,,,,,,,sequential_vs_random_same_n,haofang_recall,,,10.0
ttest,ALL_GROUPS,seq_vs_random,0,,,,,,,,,,,,,,,,,,,,,,,,,,,,,,,,,,,,,,,,,,,,,,,,,,,,,,,,,sequential_vs_random_same_n,haofang_f1,,,10.0
ttest,ALL_GROUPS,seq_vs_random,0,,,,,,,,,,,,,,,,,,,,,,,,,,,,,,,,,,,,,,,,,,,,,,,,,,,,,,,,,sequential_vs_random_same_n,wanyue_precision,,,10.0
ttest,ALL_GROUPS,seq_vs_random,0,,,,,,,,,,,,,,,,,,,,,,,,,,,,,,,,,,,,,,,,,,,,,,,,,,,,,,,,,sequential_vs_random_same_n,wanyue_recall,,,10.0
ttest,ALL_GROUPS,seq_vs_random,0,,,,,,,,,,,,,,,,,,,,,,,,,,,,,,,,,,,,,,,,,,,,,,,,,,,,,,,,,sequential_vs_random_same_n,wanyue_f1,,,10.0
ttest,ALL_GROUPS,seq_vs_random,0,,,,,,,,,,,,,,,,,,,,,,,,,,,,,,,,,,,,,,,,,,,,,,,,,,,,,,,,,sequential_vs_random_same_n,macro_f1,,,10.0
ttest,ALL_GROUPS,seq_vs_random,0,,,,,,,,,,,,,,,,,,,,,,,,,,,,,,,,,,,,,,,,,,,,,,,,,,,,,,,,,sequential_vs_random_same_n,accuracy,,,10.0
ttest,ALL_GROUPS,seq_vs_random,200,,,,,,,,,,,,,,,,,,,,,,,,,,,,,,,,,,,,,,,,,,,,,,,,,,,,,,,,,sequential_vs_random_same_n,haofang_precision,0.6692913356526756,0.520107726007514,10.0
ttest,ALL_GROUPS,seq_vs_random,200,,,,,,,,,,,,,,,,,,,,,,,,,,,,,,,,,,,,,,,,,,,,,,,,,,,,,,,,,sequential_vs_random_same_n,haofang_recall,-8.556020788224014,1.2889861823400596e-05,10.0
ttest,ALL_GROUPS,seq_vs_random,200,,,,,,,,,,,,,,,,,,,,,,,,,,,,,,,,,,,,,,,,,,,,,,,,,,,,,,,,,sequential_vs_random_same_n,haofang_f1,-6.682892484594321,9.028030455634402e-05,10.0
ttest,ALL_GROUPS,seq_vs_random,200,,,,,,,,,,,,,,,,,,,,,,,,,,,,,,,,,,,,,,,,,,,,,,,,,,,,,,,,,sequential_vs_random_same_n,wanyue_precision,-4.102824623315814,0.002665429954479013,10.0
ttest,ALL_GROUPS,seq_vs_random,200,,,,,,,,,,,,,,,,,,,,,,,,,,,,,,,,,,,,,,,,,,,,,,,,,,,,,,,,,sequential_vs_random_same_n,wanyue_recall,-8.764996166176095,1.059576482462361e-05,10.0
ttest,ALL_GROUPS,seq_vs_random,200,,,,,,,,,,,,,,,,,,,,,,,,,,,,,,,,,,,,,,,,,,,,,,,,,,,,,,,,,sequential_vs_random_same_n,wanyue_f1,-8.632693233145178,1.1990209733944381e-05,10.0
ttest,ALL_GROUPS,seq_vs_random,200,,,,,,,,,,,,,,,,,,,,,,,,,,,,,,,,,,,,,,,,,,,,,,,,,,,,,,,,,sequential_vs_random_same_n,macro_f1,-9.560305115266583,5.195832652474145e-06,10.0
ttest,ALL_GROUPS,seq_vs_random,200,,,,,,,,,,,,,,,,,,,,,,,,,,,,,,,,,,,,,,,,,,,,,,,,,,,,,,,,,sequential_vs_random_same_n,accuracy,-10.018944739657728,3.522299962915784e-06,10.0
ttest,ALL_GROUPS,seq_vs_random,250,,,,,,,,,,,,,,,,,,,,,,,,,,,,,,,,,,,,,,,,,,,,,,,,,,,,,,,,,sequential_vs_random_same_n,haofang_precision,-0.12996380075139677,0.8994534361794135,10.0
ttest,ALL_GROUPS,seq_vs_random,250,,,,,,,,,,,,,,,,,,,,,,,,,,,,,,,,,,,,,,,,,,,,,,,,,,,,,,,,,sequential_vs_random_same_n,haofang_recall,-20.32915803318031,7.861673074564465e-09,10.0
ttest,ALL_GROUPS,seq_vs_random,250,,,,,,,,,,,,,,,,,,,,,,,,,,,,,,,,,,,,,,,,,,,,,,,,,,,,,,,,,sequential_vs_random_same_n,haofang_f1,-14.701780340268463,1.3428908320015137e-07,10.0
ttest,ALL_GROUPS,seq_vs_random,250,,,,,,,,,,,,,,,,,,,,,,,,,,,,,,,,,,,,,,,,,,,,,,,,,,,,,,,,,sequential_vs_random_same_n,wanyue_precision,-3.5658712440985374,0.006063292371099046,10.0
ttest,ALL_GROUPS,seq_vs_random,250,,,,,,,,,,,,,,,,,,,,,,,,,,,,,,,,,,,,,,,,,,,,,,,,,,,,,,,,,sequential_vs_random_same_n,wanyue_recall,-18.655284808083064,1.6760397108929876e-08,10.0
ttest,ALL_GROUPS,seq_vs_random,250,,,,,,,,,,,,,,,,,,,,,,,,,,,,,,,,,,,,,,,,,,,,,,,,,,,,,,,,,sequential_vs_random_same_n,wanyue_f1,-14.109284777846964,1.9175282053996642e-07,10.0
ttest,ALL_GROUPS,seq_vs_random,250,,,,,,,,,,,,,,,,,,,,,,,,,,,,,,,,,,,,,,,,,,,,,,,,,,,,,,,,,sequential_vs_random_same_n,macro_f1,-20.88080541648417,6.206407772266707e-09,10.0
ttest,ALL_GROUPS,seq_vs_random,250,,,,,,,,,,,,,,,,,,,,,,,,,,,,,,,,,,,,,,,,,,,,,,,,,,,,,,,,,sequential_vs_random_same_n,accuracy,-19.683046903228398,1.045280362496128e-08,10.0
ttest,ALL_GROUPS,seq_vs_random,300,,,,,,,,,,,,,,,,,,,,,,,,,,,,,,,,,,,,,,,,,,,,,,,,,,,,,,,,,sequential_vs_random_same_n,haofang_precision,-0.2447411447597853,0.8121456452186528,10.0
ttest,ALL_GROUPS,seq_vs_random,300,,,,,,,,,,,,,,,,,,,,,,,,,,,,,,,,,,,,,,,,,,,,,,,,,,,,,,,,,sequential_vs_random_same_n,haofang_recall,-12.739966388545463,4.617825948507204e-07,10.0
ttest,ALL_GROUPS,seq_vs_random,300,,,,,,,,,,,,,,,,,,,,,,,,,,,,,,,,,,,,,,,,,,,,,,,,,,,,,,,,,sequential_vs_random_same_n,haofang_f1,-9.122992156728222,7.639716001497776e-06,10.0
ttest,ALL_GROUPS,seq_vs_random,300,,,,,,,,,,,,,,,,,,,,,,,,,,,,,,,,,,,,,,,,,,,,,,,,,,,,,,,,,sequential_vs_random_same_n,wanyue_precision,-2.6281195518346427,0.02744313352984537,10.0
ttest,ALL_GROUPS,seq_vs_random,300,,,,,,,,,,,,,,,,,,,,,,,,,,,,,,,,,,,,,,,,,,,,,,,,,,,,,,,,,sequential_vs_random_same_n,wanyue_recall,-11.271168403849163,1.3106418635204305e-06,10.0
ttest,ALL_GROUPS,seq_vs_random,300,,,,,,,,,,,,,,,,,,,,,,,,,,,,,,,,,,,,,,,,,,,,,,,,,,,,,,,,,sequential_vs_random_same_n,wanyue_f1,-8.735226476451881,1.0893232056336695e-05,10.0
ttest,ALL_GROUPS,seq_vs_random,300,,,,,,,,,,,,,,,,,,,,,,,,,,,,,,,,,,,,,,,,,,,,,,,,,,,,,,,,,sequential_vs_random_same_n,macro_f1,-12.188159636574245,6.743413907951672e-07,10.0
ttest,ALL_GROUPS,seq_vs_random,300,,,,,,,,,,,,,,,,,,,,,,,,,,,,,,,,,,,,,,,,,,,,,,,,,,,,,,,,,sequential_vs_random_same_n,accuracy,-11.462144717418553,1.1368510866107776e-06,10.0
ttest,ALL_GROUPS,seq_vs_random,350,,,,,,,,,,,,,,,,,,,,,,,,,,,,,,,,,,,,,,,,,,,,,,,,,,,,,,,,,sequential_vs_random_same_n,haofang_precision,-1.9488252544303064,0.08312338221805454,10.0
ttest,ALL_GROUPS,seq_vs_random,350,,,,,,,,,,,,,,,,,,,,,,,,,,,,,,,,,,,,,,,,,,,,,,,,,,,,,,,,,sequential_vs_random_same_n,haofang_recall,-13.160420698640458,3.494677621090899e-07,10.0
ttest,ALL_GROUPS,seq_vs_random,350,,,,,,,,,,,,,,,,,,,,,,,,,,,,,,,,,,,,,,,,,,,,,,,,,,,,,,,,,sequential_vs_random_same_n,haofang_f1,-14.125681648152806,1.8983681984234852e-07,10.0
ttest,ALL_GROUPS,seq_vs_random,350,,,,,,,,,,,,,,,,,,,,,,,,,,,,,,,,,,,,,,,,,,,,,,,,,,,,,,,,,sequential_vs_random_same_n,wanyue_precision,-4.539438356937821,0.0014070447302820738,10.0
ttest,ALL_GROUPS,seq_vs_random,350,,,,,,,,,,,,,,,,,,,,,,,,,,,,,,,,,,,,,,,,,,,,,,,,,,,,,,,,,sequential_vs_random_same_n,wanyue_recall,-6.5138412813374975,0.00010967244393202611,10.0
ttest,ALL_GROUPS,seq_vs_random,350,,,,,,,,,,,,,,,,,,,,,,,,,,,,,,,,,,,,,,,,,,,,,,,,,,,,,,,,,sequential_vs_random_same_n,wanyue_f1,-5.690193458805578,0.00029798835970523593,10.0
ttest,ALL_GROUPS,seq_vs_random,350,,,,,,,,,,,,,,,,,,,,,,,,,,,,,,,,,,,,,,,,,,,,,,,,,,,,,,,,,sequential_vs_random_same_n,macro_f1,-9.06259758319869,8.067116045982249e-06,10.0
ttest,ALL_GROUPS,seq_vs_random,350,,,,,,,,,,,,,,,,,,,,,,,,,,,,,,,,,,,,,,,,,,,,,,,,,,,,,,,,,sequential_vs_random_same_n,accuracy,-14.1304019602184,1.8928917822960888e-07,10.0
