All,All_activation,100,100_activation
layer_27_neuron_2570,3097664.0,layer_27_neuron_2570,307621.15717000025
layer_26_neuron_2570,2213748.75,layer_26_neuron_2570,221908.10681300095
layer_25_neuron_2570,1836207.125,layer_25_neuron_2570,177777.46772799976
layer_24_neuron_2570,1377727.25,layer_24_neuron_2570,123948.3278580004
layer_23_neuron_2570,1099256.625,layer_28_neuron_128,107359.51732699988
layer_28_neuron_128,1083975.375,layer_28_neuron_344,97943.45405950012
layer_28_neuron_344,884048.4375,layer_23_neuron_2570,93802.431658
layer_22_neuron_2570,777515.0,layer_22_neuron_2570,63421.33278600014
layer_21_neuron_2570,607437.8125,layer_28_neuron_3312,53650.81052321007
layer_27_neuron_392,596418.875,layer_27_neuron_392,51669.37980949986
layer_26_neuron_392,582919.8125,layer_26_neuron_392,50778.212216499895
layer_28_neuron_3312,558399.625,layer_28_neuron_2591,48293.19661441999
layer_25_neuron_392,520014.84375,layer_21_neuron_2570,45868.98737450001
layer_23_neuron_458,494826.84375,layer_25_neuron_392,44313.52039749999
layer_28_neuron_2591,490925.1875,layer_27_neuron_458,44158.52654094587
layer_27_neuron_458,480459.3125,layer_23_neuron_458,40292.683103300034
layer_24_neuron_392,467461.34375,layer_24_neuron_392,38650.42451769995
layer_22_neuron_458,461309.34375,layer_22_neuron_458,37426.58536599998
layer_20_neuron_2570,431058.625,layer_28_neuron_3090,37293.754799140006
layer_21_neuron_458,424224.40625,layer_25_neuron_458,36440.86408058995
layer_24_neuron_458,423157.25,layer_24_neuron_458,34907.54829047009
layer_25_neuron_458,405544.96875,layer_28_neuron_37,33489.42469049002
layer_23_neuron_392,404053.71875,layer_21_neuron_458,33161.09364160005
layer_28_neuron_3090,374916.375,layer_26_neuron_458,33110.846316380004
layer_19_neuron_2570,354730.53125,layer_23_neuron_392,32998.43727179007
layer_26_neuron_458,350274.65625,layer_20_neuron_2570,32237.03326420003
layer_22_neuron_392,343299.78125,layer_22_neuron_392,27691.526014580053
layer_28_neuron_37,341000.40625,layer_28_neuron_3577,27556.422678084004
layer_20_neuron_458,332288.03125,layer_19_neuron_2570,27421.35851820001
layer_21_neuron_392,295466.625,layer_20_neuron_458,26188.950176199894
layer_19_neuron_458,294057.0,layer_19_neuron_458,24713.21050060004
layer_28_neuron_3577,276907.5,layer_28_neuron_1288,23729.042654520723
layer_16_neuron_2570,270290.9375,layer_21_neuron_392,23462.049812199995
layer_18_neuron_2570,262291.6875,layer_28_neuron_1069,23089.46653415501
layer_17_neuron_2570,257136.765625,layer_27_neuron_608,20803.542505990423
layer_20_neuron_392,235934.109375,layer_16_neuron_2570,20309.798194500017
layer_28_neuron_1069,235150.453125,layer_26_neuron_608,20304.02693347996
layer_16_neuron_458,233338.421875,layer_25_neuron_608,20265.53927473704
layer_28_neuron_879,231152.3125,layer_28_neuron_879,20149.020189167848
layer_27_neuron_20,226812.46875,layer_24_neuron_608,19632.49201957999
layer_18_neuron_458,220020.3125,layer_18_neuron_2570,19459.389563600016
layer_17_neuron_458,217004.34375,layer_23_neuron_608,19441.116654732014
layer_26_neuron_20,202132.09375,layer_27_neuron_2604,19267.09852647
layer_28_neuron_1940,200273.46875,layer_17_neuron_2570,19248.984201600044
layer_14_neuron_2570,200108.359375,layer_20_neuron_392,18850.720431270027
layer_15_neuron_2570,198831.953125,layer_26_neuron_1985,18732.559026321487
layer_19_neuron_392,188721.234375,layer_16_neuron_458,18701.50168165
layer_28_neuron_162,187638.390625,layer_28_neuron_162,18270.22671936197
layer_27_neuron_2604,179115.78125,layer_26_neuron_2604,18092.27384874001
layer_26_neuron_2604,174925.171875,layer_18_neuron_458,17747.358544969964
layer_28_neuron_362,172634.765625,layer_17_neuron_458,17491.47269898005
layer_15_neuron_458,170919.328125,layer_28_neuron_1940,17461.22425644999
layer_14_neuron_458,170273.203125,layer_25_neuron_1985,17443.19366772001
layer_26_neuron_1985,166315.09375,layer_22_neuron_608,17326.609914982982
layer_25_neuron_20,165748.84375,layer_14_neuron_2570,16817.471522220014
layer_18_neuron_392,165516.078125,layer_26_neuron_1288,16683.10442021542
layer_28_neuron_85,161717.546875,layer_27_neuron_20,16666.94408925402
layer_28_neuron_115,160977.921875,layer_27_neuron_1985,16287.305173327017
layer_25_neuron_1985,160922.21875,layer_25_neuron_2604,16262.188361756003
layer_21_neuron_1692,160826.375,layer_15_neuron_2570,16150.934220309991
layer_26_neuron_1288,159601.453125,layer_27_neuron_1288,16127.098693750004
layer_28_neuron_1288,158104.109375,layer_28_neuron_1414,15995.451462620013
layer_28_neuron_2529,157585.28125,layer_25_neuron_1288,15949.164859340008
layer_28_neuron_3157,157534.046875,layer_24_neuron_1288,15533.916590343
layer_22_neuron_1692,157016.3125,layer_28_neuron_3157,15466.196643388625
layer_13_neuron_2570,156047.921875,layer_19_neuron_392,15434.681465669988
layer_28_neuron_1414,155534.515625,layer_24_neuron_1985,15430.89818667996
layer_26_neuron_608,155076.78125,layer_21_neuron_608,15249.635076877405
layer_25_neuron_608,153645.8125,layer_28_neuron_115,15210.806833446006
layer_25_neuron_2604,153447.8125,layer_14_neuron_458,15039.741373855586
layer_20_neuron_1692,153192.5,layer_23_neuron_1288,15038.238009021028
layer_17_neuron_392,152315.015625,layer_26_neuron_1427,14988.958918603968
layer_24_neuron_1692,152056.09375,layer_28_neuron_3290,14954.29246370601
layer_27_neuron_1288,152026.0,layer_15_neuron_458,14806.399070202988
layer_24_neuron_608,151992.890625,layer_24_neuron_2604,14708.757032167015
layer_25_neuron_1288,150831.046875,layer_21_neuron_1692,14533.89260609997
layer_23_neuron_1692,150764.03125,layer_20_neuron_608,14493.55925436899
layer_28_neuron_616,149963.3125,layer_22_neuron_1288,14374.69600530897
layer_23_neuron_608,149027.09375,layer_28_neuron_85,14300.228288367029
layer_24_neuron_1288,148966.65625,layer_26_neuron_20,14207.376121682051
layer_26_neuron_1692,145696.203125,layer_22_neuron_1692,14167.549538599986
layer_28_neuron_1660,145614.78125,layer_28_neuron_2890,14023.12503918096
layer_24_neuron_3281,145496.140625,layer_24_neuron_3281,13960.176667990028
layer_28_neuron_2254,144770.0,layer_20_neuron_1692,13901.40605799996
layer_27_neuron_96,143997.125,layer_28_neuron_616,13702.777956742
layer_12_neuron_2570,143421.890625,layer_23_neuron_2604,13633.868202882006
layer_23_neuron_1288,143376.140625,layer_18_neuron_392,13512.89689289204
layer_16_neuron_392,142502.15625,layer_24_neuron_1692,13483.205431999975
layer_25_neuron_1692,141938.671875,layer_23_neuron_1692,13301.772698100003
layer_27_neuron_608,141767.859375,layer_23_neuron_3281,13250.772523069993
layer_24_neuron_1985,141450.546875,layer_27_neuron_277,13204.543245633977
layer_24_neuron_20,140534.625,layer_27_neuron_96,13117.3981273
layer_9_neuron_2570,140076.84375,layer_25_neuron_3281,13045.310385107334
layer_28_neuron_1266,139776.59375,layer_23_neuron_1985,13016.691303710975
layer_24_neuron_2604,139729.421875,layer_19_neuron_608,12968.29132674929
layer_23_neuron_3281,139235.921875,layer_28_neuron_2725,12882.830260590965
layer_22_neuron_3281,138643.734375,layer_22_neuron_2604,12789.491455102963
layer_22_neuron_608,138393.203125,layer_28_neuron_1985,12782.836074274008
layer_27_neuron_1692,137612.953125,layer_22_neuron_3281,12665.951062799995
layer_11_neuron_2570,137258.75,layer_27_neuron_2178,12558.92169361103
layer_22_neuron_1288,137219.15625,layer_26_neuron_277,12530.082177304996
layer_26_neuron_96,137124.40625,layer_17_neuron_392,12486.881719315
layer_28_neuron_3290,135947.03125,layer_28_neuron_1266,12462.288086381031
layer_28_neuron_3046,133075.90625,layer_27_neuron_1790,12385.954463871996
layer_25_neuron_3281,132877.90625,layer_26_neuron_3281,12333.583558291995
layer_13_neuron_458,131734.3125,layer_18_neuron_608,12262.90206298
layer_23_neuron_2604,130215.0625,layer_28_neuron_3496,12195.983025664009
layer_15_neuron_392,130029.921875,layer_26_neuron_2178,12145.736481485494
layer_28_neuron_899,129594.53125,layer_13_neuron_2570,12092.56565136891
layer_21_neuron_3281,129359.796875,layer_28_neuron_2127,12043.381197746918
layer_28_neuron_1985,128433.703125,layer_26_neuron_96,12021.536042163289
layer_27_neuron_1985,126499.1171875,layer_25_neuron_1692,11980.025862486013
layer_27_neuron_1923,126283.6875,layer_16_neuron_392,11898.164048568004
layer_19_neuron_1692,126258.15625,layer_26_neuron_3507,11854.646470247992
layer_27_neuron_3507,125554.328125,layer_26_neuron_2107,11852.987818454494
layer_26_neuron_3507,125495.640625,layer_27_neuron_3507,11852.491593789991
layer_26_neuron_1461,124780.4765625,layer_21_neuron_3281,11817.068669500017
layer_24_neuron_143,124216.75,layer_25_neuron_1427,11783.607716235503
layer_21_neuron_608,123926.546875,layer_26_neuron_1692,11759.244388180005
layer_23_neuron_1985,123847.921875,layer_25_neuron_2107,11750.02578995998
layer_9_neuron_458,123540.40625,layer_28_neuron_362,11535.164287546002
layer_25_neuron_1461,122947.703125,layer_19_neuron_1692,11508.052037800033
layer_28_neuron_2066,122636.046875,layer_9_neuron_2570,11506.351189599978
layer_18_neuron_1692,122361.25,layer_21_neuron_1288,11494.48362859902
layer_12_neuron_458,122336.390625,layer_24_neuron_277,11485.735660854398
layer_22_neuron_2604,121336.0390625,layer_17_neuron_608,11451.063995339016
layer_25_neuron_3507,120494.65625,layer_28_neuron_2254,11405.104587457005
layer_25_neuron_2107,120239.3671875,layer_25_neuron_2178,11384.723937758492
layer_26_neuron_3281,119796.6015625,layer_25_neuron_277,11313.118453631
layer_28_neuron_3297,119736.3359375,layer_24_neuron_2178,11302.054547762978
layer_24_neuron_1461,118623.1875,layer_25_neuron_20,11287.035036742012
layer_24_neuron_3507,118563.3984375,layer_24_neuron_143,11242.650629469008
layer_25_neuron_96,117693.328125,layer_28_neuron_1788,11239.655289489016
layer_28_neuron_2890,117484.78125,layer_25_neuron_3507,11214.29034237002
layer_23_neuron_143,117453.90625,layer_25_neuron_96,11175.301172889996
layer_28_neuron_2725,117254.328125,layer_21_neuron_2604,11138.917052367004
layer_11_neuron_458,117211.09375,layer_18_neuron_1692,11078.548701000029
layer_26_neuron_2953,117206.6640625,layer_28_neuron_2948,11060.354132389524
layer_23_neuron_3507,116970.375,layer_28_neuron_3046,10999.090183904806
layer_17_neuron_1692,116965.0,layer_27_neuron_143,10977.379323187011
layer_14_neuron_392,116714.3203125,layer_28_neuron_943,10975.475184134604
layer_26_neuron_1427,115625.5234375,layer_16_neuron_608,10930.467854522003
layer_27_neuron_1461,115531.953125,layer_23_neuron_277,10929.521051983991
layer_23_neuron_1451,115423.25,layer_15_neuron_392,10892.12503652
layer_21_neuron_1288,115360.2890625,layer_27_neuron_1923,10804.227204531966
layer_26_neuron_32,115245.359375,layer_24_neuron_3507,10801.846167929987
layer_16_neuron_1692,115195.5,layer_13_neuron_458,10657.250125230992
layer_23_neuron_20,115134.2578125,layer_23_neuron_2178,10644.525506763017
layer_25_neuron_32,114338.7578125,layer_17_neuron_1692,10599.014355200025
layer_20_neuron_608,114270.140625,layer_24_neuron_96,10554.054409984
layer_28_neuron_1572,114188.9453125,layer_26_neuron_3110,10540.448353205024
layer_24_neuron_1451,113929.3984375,layer_24_neuron_2107,10512.881418240013
layer_20_neuron_3281,113913.3359375,layer_25_neuron_3110,10502.174328608033
layer_22_neuron_1451,113804.4375,layer_28_neuron_2529,10487.60850541704
layer_24_neuron_32,113438.3515625,layer_27_neuron_1692,10486.780493370006
layer_27_neuron_143,113242.4453125,layer_16_neuron_1692,10469.499814800009
layer_25_neuron_698,113040.7109375,layer_20_neuron_1288,10389.341161303995
layer_28_neuron_1554,112718.484375,layer_20_neuron_3281,10360.486204759962
layer_7_neuron_2570,112693.359375,layer_23_neuron_143,10359.878349130016
layer_27_neuron_1790,112222.0546875,layer_9_neuron_458,10350.57657477102
layer_25_neuron_143,111804.3125,layer_12_neuron_2570,10305.28372903901
layer_24_neuron_698,111794.4375,layer_23_neuron_3507,10272.020967550008
layer_10_neuron_2570,111591.9453125,layer_24_neuron_3402,10252.495935015688
layer_15_neuron_1692,110765.28125,layer_15_neuron_1692,10225.280514899994
layer_24_neuron_96,110703.265625,layer_26_neuron_2953,10186.133139530011
layer_23_neuron_1461,110055.9375,layer_25_neuron_3402,10185.161406724004
layer_24_neuron_2107,109952.4375,layer_11_neuron_2570,10140.245085845983
layer_8_neuron_2570,109706.125,layer_27_neuron_37,10088.846028830592
layer_26_neuron_2107,109475.0234375,layer_27_neuron_3402,10080.1820611894
layer_22_neuron_143,109444.109375,layer_26_neuron_37,10062.368218801004
layer_28_neuron_1182,108878.25,layer_28_neuron_1572,10040.509889224011
layer_23_neuron_32,108201.5390625,layer_25_neuron_32,10030.168118478005
layer_21_neuron_2604,107653.609375,layer_26_neuron_3402,10028.728047285014
layer_20_neuron_1288,107502.9296875,layer_22_neuron_1985,10009.805862431009
layer_28_neuron_1302,107475.7109375,layer_23_neuron_96,10002.040808749694
layer_13_neuron_392,107444.25,layer_26_neuron_32,10001.388044062593
layer_14_neuron_1692,106928.0,layer_25_neuron_143,9981.544287108987
layer_28_neuron_3110,106479.03125,layer_24_neuron_698,9953.46433722802
layer_27_neuron_32,106222.296875,layer_14_neuron_1692,9941.582414400002
layer_13_neuron_1692,105604.40625,layer_25_neuron_698,9914.838271849998
layer_22_neuron_3507,105013.2265625,layer_24_neuron_1451,9897.631338440013
layer_11_neuron_1692,104683.375,layer_28_neuron_1554,9841.676339432006
layer_12_neuron_1692,104675.5,layer_13_neuron_1692,9814.09285020002
layer_25_neuron_1451,104569.078125,layer_24_neuron_37,9802.31110995001
layer_28_neuron_943,104140.546875,layer_14_neuron_392,9741.99817897801
layer_26_neuron_698,103897.140625,layer_25_neuron_37,9718.667004184996
layer_25_neuron_37,103871.96875,layer_27_neuron_2107,9710.891694881013
layer_24_neuron_37,103698.1640625,layer_20_neuron_2604,9708.578225093994
layer_23_neuron_698,103645.328125,layer_28_neuron_3297,9685.479339648986
layer_28_neuron_2303,103585.96875,layer_24_neuron_20,9663.212956400015
layer_26_neuron_143,103187.046875,layer_24_neuron_3110,9663.182159342014
layer_26_neuron_2631,102974.984375,layer_22_neuron_2178,9641.095716913298
layer_21_neuron_1451,102906.3515625,layer_27_neuron_344,9600.36657510799
layer_22_neuron_1461,102824.59375,layer_12_neuron_1692,9598.134703999978
layer_23_neuron_37,102746.8046875,layer_28_neuron_46,9595.03059601801
layer_27_neuron_1182,102355.90625,layer_28_neuron_20,9581.362780135709
layer_22_neuron_32,102094.2421875,layer_24_neuron_32,9559.251583614025
layer_25_neuron_3110,101740.6015625,layer_23_neuron_37,9525.049938349
layer_22_neuron_1985,100999.9375,layer_23_neuron_1451,9521.413284370996
layer_26_neuron_37,100993.46875,layer_11_neuron_1692,9513.402467599995
layer_19_neuron_608,100908.65625,layer_26_neuron_3461,9505.431145891014
layer_25_neuron_2953,100482.109375,layer_26_neuron_2069,9502.304217502
layer_24_neuron_1767,100334.953125,layer_10_neuron_1692,9495.498644500009
layer_10_neuron_1692,100275.28125,layer_9_neuron_1692,9489.134556800003
layer_27_neuron_2953,100172.6328125,layer_22_neuron_277,9451.393114228
layer_28_neuron_877,100160.40625,layer_25_neuron_1451,9439.856083350003
layer_7_neuron_458,100113.6875,layer_27_neuron_3003,9427.842242430994
layer_23_neuron_96,100046.578125,layer_27_neuron_3281,9404.67539265401
layer_28_neuron_143,99648.78125,layer_26_neuron_143,9367.341561732002
layer_12_neuron_392,99375.5390625,layer_26_neuron_698,9366.294562945008
layer_10_neuron_458,99310.15625,layer_15_neuron_608,9348.873711374994
layer_19_neuron_1288,99310.0546875,layer_28_neuron_2334,9321.580748806588
layer_21_neuron_143,99301.8125,layer_23_neuron_32,9320.95978239002
layer_9_neuron_1692,98861.40625,layer_26_neuron_2631,9290.751060579994
layer_8_neuron_458,98831.0546875,layer_28_neuron_1182,9281.014895533986
layer_26_neuron_3110,98354.5078125,layer_19_neuron_1288,9271.472699518996
layer_28_neuron_46,98046.296875,layer_24_neuron_2236,9270.88923196602
layer_28_neuron_2465,97890.765625,layer_27_neuron_32,9249.248927934686
layer_24_neuron_2236,97279.796875,layer_24_neuron_1767,9223.61223843002
layer_26_neuron_1923,97171.0703125,layer_25_neuron_2236,9217.146523560026
layer_25_neuron_2631,97037.390625,layer_26_neuron_3003,9211.338617228035
layer_24_neuron_2953,97016.578125,layer_28_neuron_2066,9205.0161177106
layer_23_neuron_1767,96691.78125,layer_22_neuron_143,9204.553257450008
layer_27_neuron_2358,96600.4765625,layer_27_neuron_2069,9201.648760970991
layer_25_neuron_2236,96599.0546875,layer_25_neuron_3461,9194.452734330009
layer_28_neuron_2334,96488.28125,layer_24_neuron_3461,9149.886352151005
layer_26_neuron_2069,95910.4296875,layer_23_neuron_1767,9145.956722300014
layer_22_neuron_37,95904.2265625,layer_25_neuron_3003,9135.192508330989
layer_24_neuron_2631,95865.9140625,layer_12_neuron_458,9119.853997448
layer_24_neuron_1220,95755.8828125,layer_13_neuron_392,9091.658282610026
layer_25_neuron_1220,95595.8046875,layer_23_neuron_3461,9090.321142140006
layer_18_neuron_608,95169.0703125,layer_27_neuron_3461,9080.137032099992
layer_21_neuron_32,95158.453125,layer_26_neuron_1461,9067.985742127968
layer_22_neuron_698,94885.125,layer_27_neuron_3110,9052.907771544984
layer_20_neuron_2604,94682.90625,layer_28_neuron_1660,9010.097159534787
layer_24_neuron_3110,94604.3515625,layer_27_neuron_2030,9004.48522352503
layer_20_neuron_143,93983.3359375,layer_27_neuron_3433,8994.373577408986
layer_18_neuron_1288,93861.734375,layer_22_neuron_3507,8963.91773461998
layer_28_neuron_1290,93754.4375,layer_23_neuron_698,8961.040085361987
layer_22_neuron_96,93237.515625,layer_23_neuron_3110,8953.992395642
layer_11_neuron_392,93117.171875,layer_27_neuron_698,8902.703937270011
layer_23_neuron_2236,92677.609375,layer_8_neuron_2570,8878.133262901014
layer_25_neuron_1923,92402.140625,layer_22_neuron_96,8873.020345004696
layer_27_neuron_2178,92097.0078125,layer_25_neuron_1461,8848.32241317037
layer_25_neuron_1427,91984.796875,layer_11_neuron_458,8837.357452164004
layer_26_neuron_1451,91931.671875,layer_25_neuron_2631,8836.610083258121
layer_24_neuron_1923,91546.765625,layer_27_neuron_2149,8810.265803287997
layer_21_neuron_3507,91521.4453125,layer_24_neuron_3003,8796.499338962003
layer_25_neuron_548,91216.234375,layer_23_neuron_2236,8795.974421710027
layer_25_neuron_1767,91023.1796875,layer_23_neuron_2107,8788.11519641599
layer_26_neuron_2178,90705.0625,layer_22_neuron_1451,8783.18057553002
layer_27_neuron_2069,90531.1484375,layer_26_neuron_1451,8694.570066843004
layer_28_neuron_113,90450.515625,layer_28_neuron_899,8692.527860600296
layer_23_neuron_2953,90356.296875,layer_25_neuron_2030,8684.258684127994
layer_26_neuron_1220,89974.8515625,layer_22_neuron_3110,8681.997057330009
layer_23_neuron_2107,89761.453125,layer_24_neuron_1461,8648.269116418007
layer_26_neuron_277,89660.953125,layer_26_neuron_1790,8647.374354409003
layer_21_neuron_1461,89613.734375,layer_24_neuron_1220,8640.68907447502
layer_17_neuron_1288,89238.46875,layer_25_neuron_2953,8631.497704510004
layer_27_neuron_277,88516.4765625,layer_22_neuron_37,8628.299481253998
layer_22_neuron_20,88451.8046875,layer_28_neuron_2604,8623.897389055996
layer_28_neuron_2127,88429.6015625,layer_12_neuron_392,8618.63822569998
layer_28_neuron_20,88126.875,layer_23_neuron_3402,8615.608919882983
layer_24_neuron_2069,87491.71875,layer_27_neuron_1427,8587.363884053373
layer_22_neuron_2953,87470.8984375,layer_23_neuron_2030,8586.368597036299
layer_24_neuron_548,87411.453125,layer_22_neuron_32,8585.880101478015
layer_25_neuron_2069,87383.09375,layer_14_neuron_608,8584.849170690184
layer_19_neuron_3281,87371.765625,layer_27_neuron_1182,8583.957583947991
layer_27_neuron_37,87284.1328125,layer_24_neuron_2069,8579.290018922999
layer_24_neuron_3461,87267.484375,layer_25_neuron_2069,8559.722845547994
layer_20_neuron_32,87001.515625,layer_23_neuron_20,8557.263868601005
layer_17_neuron_608,86828.125,layer_26_neuron_2030,8546.471740792993
layer_25_neuron_2178,86824.3671875,layer_22_neuron_698,8546.086622339975
layer_28_neuron_2894,86736.6640625,layer_27_neuron_2953,8493.33306634002
layer_26_neuron_1790,86699.1875,layer_25_neuron_1220,8471.647649959996
layer_20_neuron_1451,86493.6953125,layer_28_neuron_877,8464.680834601002
layer_27_neuron_2030,86379.984375,layer_7_neuron_2570,8440.680643144997
layer_24_neuron_1116,86108.953125,layer_22_neuron_2030,8440.637341982014
layer_27_neuron_698,85954.984375,layer_26_neuron_2940,8406.294828000997
layer_23_neuron_1116,85913.0859375,layer_26_neuron_3433,8355.661494036998
layer_26_neuron_3461,85800.109375,layer_27_neuron_1092,8329.725031484
layer_25_neuron_3461,85745.375,layer_27_neuron_2010,8315.672649216001
layer_26_neuron_2030,85719.984375,layer_26_neuron_2467,8310.820983938094
layer_28_neuron_1829,85682.59375,layer_18_neuron_1288,8308.484834031988
layer_23_neuron_3461,85681.484375,layer_24_neuron_2631,8305.850400226005
layer_24_neuron_2178,85649.078125,layer_28_neuron_1302,8287.203086196998
layer_23_neuron_2069,85402.9453125,layer_28_neuron_113,8282.813720127298
layer_23_neuron_662,85377.171875,layer_27_neuron_662,8274.886960521591
layer_23_neuron_3110,85341.5,layer_24_neuron_2030,8255.6385494273
layer_27_neuron_2010,85170.7578125,layer_23_neuron_1461,8243.535196497192
layer_26_neuron_548,85131.546875,layer_27_neuron_1461,8238.708252596985
layer_28_neuron_3522,85083.6796875,layer_25_neuron_2467,8238.157406640517
layer_21_neuron_698,84832.3046875,layer_24_neuron_2953,8214.816945582023
layer_16_neuron_3281,84787.1875,layer_26_neuron_2149,8199.53754290702
layer_26_neuron_3197,84670.4296875,layer_27_neuron_1290,8193.806644228003
layer_25_neuron_1790,84430.34375,layer_27_neuron_3119,8177.572992260295
layer_26_neuron_2358,84359.265625,layer_25_neuron_3433,8172.820050634022
layer_28_neuron_3369,84292.71875,layer_21_neuron_143,8156.411403400006
layer_22_neuron_3110,84202.140625,layer_26_neuron_1220,8129.857532912008
layer_27_neuron_1290,84119.203125,layer_23_neuron_2069,8127.1353287440015
layer_17_neuron_3281,84083.421875,layer_25_neuron_1767,8119.245570783386
layer_16_neuron_1288,84037.65625,layer_24_neuron_3197,8101.022605536507
layer_16_neuron_608,83982.390625,layer_22_neuron_3461,8090.392710299367
layer_18_neuron_3281,83754.8359375,layer_24_neuron_2149,8086.423222960981
layer_28_neuron_1788,83655.171875,layer_19_neuron_3281,8081.846201099988
layer_27_neuron_2733,83529.75,layer_21_neuron_1985,8064.288896766579
layer_6_neuron_2570,83469.0625,layer_25_neuron_2940,8062.335545202005
layer_26_neuron_1767,83332.0234375,layer_27_neuron_1572,8038.059321091606
layer_25_neuron_277,83271.28125,layer_28_neuron_2303,8029.710747090985
layer_23_neuron_548,83119.828125,layer_8_neuron_458,8023.139206355005
layer_25_neuron_2030,82893.671875,layer_24_neuron_2078,8018.2551511839965
layer_28_neuron_1617,82839.015625,layer_27_neuron_2467,8015.5588310180065
layer_21_neuron_1985,82728.421875,layer_27_neuron_548,8010.765240336706
layer_23_neuron_2178,82639.0859375,layer_25_neuron_2149,7989.926628365992
layer_27_neuron_3281,82601.515625,layer_27_neuron_2524,7984.829000615012
layer_27_neuron_622,82432.375,layer_25_neuron_822,7969.127058812993
layer_23_neuron_2631,82111.65625,layer_23_neuron_2940,7968.449921825017
layer_27_neuron_2107,81892.65625,layer_25_neuron_548,7964.138810517968
layer_28_neuron_547,81803.203125,layer_27_neuron_2940,7958.83034227744
layer_23_neuron_1220,81689.9296875,layer_26_neuron_1092,7944.691787246007
layer_21_neuron_37,81598.3203125,layer_27_neuron_2078,7944.395543905003
layer_28_neuron_801,81554.046875,layer_10_neuron_2570,7935.669957418004
layer_15_neuron_3281,81382.2265625,layer_25_neuron_3197,7931.6486805299955
layer_6_neuron_458,81337.8828125,layer_24_neuron_2467,7929.197756799008
layer_25_neuron_622,81234.859375,layer_17_neuron_1288,7915.540327925004
layer_24_neuron_1041,81145.734375,layer_24_neuron_2524,7909.949769132385
layer_25_neuron_1116,81127.265625,layer_25_neuron_2078,7896.047857473989
layer_27_neuron_2235,81125.0859375,layer_19_neuron_2604,7895.899270497
layer_27_neuron_1929,81098.25,layer_24_neuron_2940,7888.375734364011
layer_24_neuron_2890,81061.3125,layer_24_neuron_3433,7887.206956427592
layer_26_neuron_2236,81056.640625,layer_21_neuron_32,7879.664759267012
layer_28_neuron_772,81049.1875,layer_25_neuron_2524,7873.390879543294
layer_27_neuron_1121,80956.03125,layer_21_neuron_2178,7866.033773660806
layer_24_neuron_3311,80895.234375,layer_26_neuron_822,7862.127727863996
layer_22_neuron_1929,80681.8671875,layer_11_neuron_392,7854.348894599993
layer_24_neuron_1790,80397.3515625,layer_22_neuron_3197,7848.95168901755
layer_22_neuron_2178,80266.796875,layer_27_neuron_3290,7844.430762997013
layer_28_neuron_238,80266.15625,layer_27_neuron_1650,7836.669957997197
layer_24_neuron_277,80125.28125,layer_26_neuron_2236,7832.679520075998
layer_28_neuron_3496,79998.4765625,layer_27_neuron_2695,7826.694243267001
layer_22_neuron_662,79778.390625,layer_26_neuron_3312,7825.868563572002
layer_22_neuron_2030,79702.3125,layer_27_neuron_822,7822.586252522996
layer_26_neuron_622,79674.71875,layer_24_neuron_1572,7814.244755898977
layer_28_neuron_2948,79575.296875,layer_13_neuron_608,7766.325226283984
layer_20_neuron_1461,79335.484375,layer_24_neuron_3311,7751.475431209991
layer_27_neuron_3461,79188.7109375,layer_24_neuron_330,7750.200777670982
layer_10_neuron_392,79166.671875,layer_24_neuron_822,7746.867539929794
layer_22_neuron_1767,79023.6484375,layer_26_neuron_3197,7744.833938789407
layer_21_neuron_2953,78836.1171875,layer_24_neuron_1427,7744.525074051205
layer_28_neuron_3071,78794.34375,layer_23_neuron_3197,7729.944239225
layer_23_neuron_1923,78733.9765625,layer_25_neuron_2542,7728.474692229316
layer_24_neuron_144,78499.671875,layer_27_neuron_819,7711.749444867005
layer_11_neuron_3281,78473.671875,layer_26_neuron_1572,7703.101336544992
layer_28_neuron_1431,78448.640625,layer_26_neuron_1290,7697.838456195992
layer_24_neuron_2030,78418.1171875,layer_26_neuron_2078,7694.016736222018
layer_24_neuron_1043,78354.5703125,layer_27_neuron_1103,7690.546208969294
layer_8_neuron_1692,78344.96875,layer_25_neuron_1572,7686.941271104501
layer_24_neuron_662,78302.21875,layer_16_neuron_3281,7677.952016699992
layer_23_neuron_2030,78267.921875,layer_25_neuron_330,7676.928358956008
layer_26_neuron_1929,78267.1640625,layer_22_neuron_3402,7671.846765587589
layer_21_neuron_96,78230.84375,layer_8_neuron_1692,7671.70220339999
layer_23_neuron_1929,78117.8359375,layer_25_neuron_1092,7669.842705730989
layer_25_neuron_1929,78058.0390625,layer_22_neuron_1461,7645.248392953616
layer_12_neuron_3281,77992.703125,layer_17_neuron_3281,7634.168982300003
layer_14_neuron_3281,77897.046875,layer_26_neuron_548,7626.244442232019
layer_24_neuron_622,77870.7578125,layer_27_neuron_180,7610.14327374301
layer_26_neuron_1290,77632.234375,layer_27_neuron_2737,7603.456300447113
layer_19_neuron_32,77480.0546875,layer_21_neuron_698,7598.202786340014
layer_13_neuron_3281,77298.734375,layer_26_neuron_2524,7595.182244310009
layer_23_neuron_622,77248.78125,layer_20_neuron_143,7594.43478740003
layer_25_neuron_2542,77239.8828125,layer_23_neuron_2953,7592.957745181001
layer_23_neuron_277,77129.046875,layer_24_neuron_1092,7572.986008402587
layer_27_neuron_2737,76906.9453125,layer_26_neuron_1043,7570.815486793265
layer_23_neuron_1043,76759.1328125,layer_26_neuron_1929,7562.027711694994
layer_25_neuron_3197,76671.34375,layer_28_neuron_2465,7550.683331631996
layer_22_neuron_144,76552.75,layer_27_neuron_1929,7549.468503782217
layer_26_neuron_1121,76552.546875,layer_21_neuron_1451,7546.623924099989
layer_25_neuron_2890,76376.8125,layer_28_neuron_1290,7546.3030541215
layer_22_neuron_1116,76355.515625,layer_21_neuron_3507,7544.565353640007
layer_27_neuron_2236,76207.6796875,layer_22_neuron_2940,7542.25232742561
layer_22_neuron_2069,76183.2890625,layer_18_neuron_3281,7537.3174642
layer_23_neuron_2890,76042.8125,layer_21_neuron_3110,7532.875493554992
layer_19_neuron_2604,76012.359375,layer_28_neuron_3110,7524.833221814973
layer_25_neuron_144,75986.3359375,layer_27_neuron_2235,7522.357284155997
layer_24_neuron_1560,75899.96875,layer_24_neuron_548,7501.859639263329
layer_27_neuron_2631,75881.03125,layer_25_neuron_1926,7493.510408720507
layer_27_neuron_2713,75720.6640625,layer_28_neuron_1829,7483.7992091820115
layer_28_neuron_1903,75545.2734375,layer_21_neuron_277,7482.569114148589
layer_27_neuron_3110,75502.3203125,layer_27_neuron_3312,7477.699314310999
layer_22_neuron_3461,75457.546875,layer_22_neuron_2953,7468.8837251869745
layer_26_neuron_144,75453.9609375,layer_22_neuron_1767,7463.431957627996
layer_27_neuron_144,75350.484375,layer_7_neuron_458,7452.153300347994
layer_23_neuron_144,75334.40625,layer_27_neuron_1926,7432.100273021192
layer_23_neuron_1790,75308.75,layer_26_neuron_1923,7430.933730816012
layer_22_neuron_622,75247.375,layer_27_neuron_162,7430.626863830488
layer_27_neuron_344,75227.328125,layer_27_neuron_3197,7426.234270379003
layer_27_neuron_3290,74703.0234375,layer_15_neuron_3281,7421.431494500006
layer_24_neuron_1929,74580.5703125,layer_21_neuron_3461,7382.381612145013
layer_25_neuron_1043,74434.96875,layer_23_neuron_2149,7360.749346105015
layer_25_neuron_662,74434.6171875,layer_27_neuron_1121,7351.441178534894
layer_20_neuron_698,74406.3125,layer_28_neuron_772,7338.942922234984
layer_26_neuron_2542,74283.625,layer_26_neuron_330,7324.061964013167
layer_26_neuron_1116,74282.7734375,layer_23_neuron_548,7311.194494430014
layer_23_neuron_1560,74064.578125,layer_16_neuron_1288,7309.996619631394
layer_22_neuron_2631,74018.6875,layer_25_neuron_1790,7309.35046009999
layer_25_neuron_2358,73953.453125,layer_27_neuron_2545,7304.025099262011
layer_26_neuron_1043,73496.3046875,layer_26_neuron_3119,7299.172802510006
layer_27_neuron_1451,73433.765625,layer_27_neuron_2358,7294.732339453099
layer_25_neuron_1560,73417.6171875,layer_27_neuron_2236,7288.049032420976
layer_27_neuron_809,73313.6875,layer_24_neuron_772,7273.78543935499
layer_25_neuron_1290,73203.484375,layer_21_neuron_96,7255.851608123486
layer_27_neuron_1220,72956.0625,layer_25_neuron_772,7232.926085501005
layer_9_neuron_3281,72927.6640625,layer_27_neuron_547,7232.82257326998
layer_10_neuron_3281,72906.78125,layer_25_neuron_1290,7227.925378562995
layer_28_neuron_2604,72906.75,layer_20_neuron_2178,7207.627627850695
layer_26_neuron_1560,72818.734375,layer_14_neuron_3281,7196.98305529999
layer_21_neuron_20,72733.5703125,layer_24_neuron_1043,7194.549312243793
layer_18_neuron_32,72664.703125,layer_27_neuron_689,7186.236764528
layer_22_neuron_2236,72445.375,layer_26_neuron_2542,7174.477960066408
layer_27_neuron_1650,72318.6875,layer_24_neuron_2737,7174.038898010002
layer_20_neuron_3507,72160.6328125,layer_23_neuron_1043,7167.875563823985
layer_25_neuron_1900,72078.5625,layer_22_neuron_20,7161.874563481005
layer_22_neuron_1043,72054.96875,layer_26_neuron_1926,7151.7627577654985
layer_27_neuron_1103,71963.71875,layer_24_neuron_1116,7134.410628502992
layer_23_neuron_1041,71961.84375,layer_28_neuron_801,7132.220787450003
layer_27_neuron_1557,71955.640625,layer_24_neuron_1926,7131.231677511395
layer_20_neuron_37,71817.0390625,layer_24_neuron_2695,7120.240671835004
layer_27_neuron_1900,71809.328125,layer_26_neuron_1767,7115.621398082013
layer_25_neuron_1926,71745.6796875,layer_25_neuron_3119,7112.4479926095
layer_27_neuron_2066,71713.4921875,layer_25_neuron_3181,7112.012421478506
layer_21_neuron_1929,71593.3203125,layer_23_neuron_3003,7107.128231041416
layer_28_neuron_3248,71565.1875,layer_10_neuron_458,7104.039344721595
layer_27_neuron_3197,71538.71875,layer_24_neuron_3270,7089.921236818013
layer_25_neuron_1121,71480.8125,layer_21_neuron_1461,7089.040235459891
layer_24_neuron_3197,71447.6484375,layer_27_neuron_2997,7085.193631548016
layer_26_neuron_2890,71385.78125,layer_27_neuron_2557,7084.604268968311
layer_25_neuron_1041,71347.546875,layer_20_neuron_32,7082.26111937599
layer_15_neuron_608,71096.3671875,layer_23_neuron_1220,7081.755115905021
layer_28_neuron_2631,71092.578125,layer_27_neuron_2631,7080.079226453989
layer_27_neuron_1009,71027.8671875,layer_26_neuron_1121,7074.849902690005
layer_22_neuron_1923,70971.328125,layer_27_neuron_1445,7060.938234864993
layer_27_neuron_548,70723.859375,layer_26_neuron_180,7057.707375880988
layer_22_neuron_1790,70573.15625,layer_26_neuron_3270,7049.742204149008
layer_21_neuron_3110,70561.109375,layer_27_neuron_1009,7049.424550078495
layer_27_neuron_1116,70363.0625,layer_28_neuron_523,7046.346930076503
layer_25_neuron_822,70360.9375,layer_11_neuron_3281,7045.40942249999
layer_27_neuron_2524,70270.15625,layer_25_neuron_1043,7042.840518629008
layer_19_neuron_1461,70202.5,layer_25_neuron_819,7039.5425720162975
layer_27_neuron_2149,70195.328125,layer_12_neuron_608,7034.854367511002
layer_22_neuron_2890,70130.7578125,layer_21_neuron_3197,7032.4612086284205
layer_26_neuron_822,70070.578125,layer_22_neuron_2069,7031.801782945006
layer_25_neuron_2524,69909.328125,layer_25_neuron_2545,7026.883482643991
layer_28_neuron_2022,69872.7265625,layer_28_neuron_2236,7023.844248432803
layer_27_neuron_3545,69839.671875,layer_21_neuron_37,7018.735607511999
layer_24_neuron_3402,69835.5625,layer_28_neuron_238,7016.47229766899
layer_28_neuron_2477,69773.921875,layer_13_neuron_3281,7013.746199000007
layer_27_neuron_2695,69656.3203125,layer_25_neuron_3270,7003.599723170891
layer_23_neuron_2510,69596.15625,layer_25_neuron_1929,6994.300831432994
layer_25_neuron_3402,69548.984375,layer_12_neuron_3281,6987.778368599987
layer_26_neuron_3133,69542.375,layer_25_neuron_1116,6979.747336897
layer_22_neuron_2107,69481.3046875,layer_24_neuron_1041,6963.570082394002
layer_27_neuron_1427,69322.4140625,layer_27_neuron_2733,6958.063265183999
layer_24_neuron_2542,69249.828125,layer_24_neuron_3181,6956.144596097003
layer_27_neuron_689,69237.9609375,layer_27_neuron_1266,6951.112263863057
layer_26_neuron_547,69224.0390625,layer_24_neuron_1923,6919.583151837996
layer_26_neuron_3402,69186.2109375,layer_26_neuron_772,6909.064382259992
layer_24_neuron_822,69160.625,layer_27_neuron_330,6907.090182964003
layer_26_neuron_2302,69156.6640625,layer_26_neuron_3181,6896.602334717008
layer_21_neuron_662,69121.609375,layer_27_neuron_772,6895.589146924494
layer_26_neuron_2510,69066.1875,layer_25_neuron_1923,6882.906786219008
layer_25_neuron_206,69064.2578125,layer_25_neuron_2557,6881.451077781019
layer_28_neuron_2072,69052.203125,layer_25_neuron_180,6879.323117830015
layer_23_neuron_3197,68896.7265625,layer_28_neuron_143,6876.277336527013
layer_27_neuron_3402,68855.5234375,layer_27_neuron_727,6873.6075148380105
layer_28_neuron_2988,68824.796875,layer_27_neuron_1940,6860.898463074004
layer_25_neuron_2510,68817.78125,layer_26_neuron_1491,6857.16749045081
layer_26_neuron_2524,68797.21875,layer_22_neuron_2236,6844.673909694001
layer_24_neuron_1900,68783.6796875,layer_19_neuron_2178,6841.804713853399
layer_27_neuron_2302,68685.4765625,layer_26_neuron_2545,6833.899871916985
layer_24_neuron_2524,68524.03125,layer_23_neuron_2078,6822.780540165384
layer_7_neuron_1692,68487.984375,layer_27_neuron_1707,6819.530072061679
layer_20_neuron_96,68474.9296875,layer_25_neuron_2117,6818.809659478002
layer_21_neuron_3461,68446.4375,layer_26_neuron_819,6816.606098658995
layer_24_neuron_2695,68433.3125,layer_27_neuron_3181,6816.162139119002
layer_21_neuron_1116,68410.078125,layer_23_neuron_1116,6815.836476438504
layer_22_neuron_277,68407.6796875,layer_25_neuron_3312,6811.087182655606
layer_28_neuron_2718,68366.015625,layer_10_neuron_3281,6808.933404399998
layer_24_neuron_1926,68357.3828125,layer_25_neuron_206,6804.741839103989
layer_24_neuron_1121,68353.3359375,layer_28_neuron_3071,6804.72279840951
layer_26_neuron_1900,68342.0,layer_27_neuron_1986,6802.061819469009
layer_28_neuron_1627,68283.671875,layer_27_neuron_206,6799.734936856607
layer_26_neuron_2733,68269.4765625,layer_24_neuron_2557,6799.7025919362
layer_25_neuron_540,68251.0703125,layer_27_neuron_1491,6798.998970652984
layer_27_neuron_822,68241.65625,layer_26_neuron_2010,6798.894549044172
layer_26_neuron_613,68215.546875,layer_27_neuron_3270,6798.1362935600055
layer_21_neuron_1923,68206.7421875,layer_26_neuron_206,6790.297802355997
layer_19_neuron_37,68039.4375,layer_24_neuron_1266,6787.847358622598
layer_25_neuron_547,68007.203125,layer_26_neuron_613,6786.902185051012
layer_24_neuron_1890,67995.5546875,layer_23_neuron_1572,6786.881885526299
layer_17_neuron_32,67941.5,layer_27_neuron_1220,6784.578820850991
layer_24_neuron_2510,67926.640625,layer_20_neuron_698,6782.659834652024
layer_27_neuron_1926,67869.015625,layer_25_neuron_3482,6775.218318743907
layer_26_neuron_1555,67850.2265625,layer_20_neuron_3197,6768.647487203396
layer_9_neuron_392,67849.140625,layer_23_neuron_2631,6763.263932382993
layer_22_neuron_1220,67802.3828125,layer_24_neuron_819,6762.498432349503
layer_19_neuron_143,67792.171875,layer_24_neuron_3119,6760.676181040007
layer_7_neuron_1923,67665.859375,layer_22_neuron_2107,6747.9839475720055
layer_28_neuron_2510,67621.7421875,layer_22_neuron_1660,6735.411784696799
layer_21_neuron_2069,67525.484375,layer_28_neuron_547,6733.326725252
layer_22_neuron_113,67442.375,layer_25_neuron_1266,6728.602578052007
layer_27_neuron_662,67377.484375,layer_18_neuron_3197,6726.0313945696025
layer_26_neuron_3312,67368.390625,layer_22_neuron_1043,6725.136645676002
layer_28_neuron_2236,67267.984375,layer_23_neuron_2737,6723.5159573340125
layer_18_neuron_1461,67247.671875,layer_24_neuron_2542,6711.329693246003
layer_27_neuron_3206,67243.796875,layer_21_neuron_2953,6710.323389308894
layer_23_neuron_2695,67235.828125,layer_27_neuron_3157,6704.121877549008
layer_26_neuron_1926,67231.8125,layer_27_neuron_144,6701.800048753097
layer_20_neuron_1929,67203.53125,layer_21_neuron_3402,6699.462047436287
layer_25_neuron_3003,67191.7734375,layer_26_neuron_3482,6695.315505733999
layer_25_neuron_1650,67086.375,layer_17_neuron_3197,6694.612776148507
layer_28_neuron_944,67080.7109375,layer_16_neuron_3197,6691.059954179011
layer_21_neuron_1767,67066.0859375,layer_28_neuron_3369,6690.857988529995
layer_26_neuron_2066,67051.90625,layer_18_neuron_2604,6680.08016889399
layer_20_neuron_2953,67029.09375,layer_26_neuron_2557,6678.718699828001
layer_24_neuron_206,66990.9453125,layer_18_neuron_2178,6672.412530010011
layer_26_neuron_540,66942.703125,layer_23_neuron_2695,6672.317383120018
layer_16_neuron_32,66937.34375,layer_9_neuron_3281,6671.292050500012
layer_26_neuron_3003,66910.625,layer_27_neuron_3482,6668.591554885409
layer_27_neuron_1043,66830.3359375,layer_25_neuron_624,6668.239389847313
layer_27_neuron_3003,66810.9375,layer_25_neuron_2737,6667.855797793988
layer_25_neuron_3133,66747.03125,layer_23_neuron_2467,6666.806279838491
layer_23_neuron_1121,66699.1640625,layer_27_neuron_3005,6663.925707162011
layer_24_neuron_1650,66687.03125,layer_10_neuron_392,6661.698308199998
layer_21_neuron_2107,66593.171875,layer_23_neuron_2524,6656.050982628992
layer_27_neuron_547,66516.1875,layer_26_neuron_144,6642.97302165619
layer_26_neuron_2467,66513.0234375,layer_7_neuron_1692,6636.946928799989
layer_26_neuron_1557,66467.71875,layer_21_neuron_2940,6613.848017511999
layer_28_neuron_523,66453.640625,layer_26_neuron_1116,6611.257455088004
layer_24_neuron_3133,66453.40625,layer_19_neuron_3197,6607.555688327999
layer_27_neuron_2053,66424.5078125,layer_27_neuron_1043,6601.868820763289
layer_28_neuron_68,66408.9765625,layer_26_neuron_1759,6601.606569927983
layer_26_neuron_1110,66383.3984375,layer_27_neuron_291,6597.876144974003
layer_25_neuron_2737,66374.7890625,layer_25_neuron_1121,6592.75188512499
layer_21_neuron_2631,66355.015625,layer_26_neuron_2619,6592.050672938003
layer_27_neuron_1560,66341.78125,layer_25_neuron_1491,6589.674488778588
layer_24_neuron_2737,66316.859375,layer_24_neuron_1121,6587.958758157988
layer_26_neuron_1865,66295.703125,layer_24_neuron_2117,6586.472219520992
layer_27_neuron_1431,66224.03125,layer_23_neuron_1660,6577.022354751003
layer_21_neuron_1043,66180.8046875,layer_25_neuron_1707,6573.733892882323
layer_26_neuron_206,66159.46875,layer_20_neuron_1461,6571.12354083599
layer_25_neuron_1890,66135.234375,layer_22_neuron_2149,6566.083776499491
layer_27_neuron_3133,66121.921875,layer_27_neuron_1451,6565.720642983997
layer_26_neuron_1282,66073.2734375,layer_27_neuron_2130,6563.286123221596
layer_26_neuron_1650,65998.15625,layer_26_neuron_624,6559.929304703703
layer_20_neuron_662,65974.203125,layer_25_neuron_26,6559.341981564311
layer_26_neuron_3206,65974.1484375,layer_21_neuron_2030,6558.713018557016
layer_23_neuron_113,65905.2421875,layer_22_neuron_2078,6546.006504227017
layer_25_neuron_2467,65744.421875,layer_26_neuron_1445,6534.838712873595
layer_27_neuron_2467,65730.78125,layer_23_neuron_1121,6529.034208160597
layer_26_neuron_2149,65668.09375,layer_23_neuron_1092,6528.144040984992
layer_28_neuron_164,65616.6328125,layer_26_neuron_1707,6522.136921978506
layer_25_neuron_1282,65579.40625,layer_24_neuron_624,6518.649309273824
layer_26_neuron_1041,65553.5703125,layer_27_neuron_1759,6514.775119039505
layer_28_neuron_1041,65549.625,layer_24_neuron_39,6511.428990978988
layer_18_neuron_143,65513.00390625,layer_27_neuron_1767,6509.942679259497
layer_14_neuron_608,65498.453125,layer_27_neuron_857,6505.393451681597
layer_24_neuron_3003,65483.7890625,layer_26_neuron_1900,6503.579369859986
layer_27_neuron_46,65481.99609375,layer_26_neuron_2117,6497.444712520989
layer_22_neuron_2695,65478.453125,layer_24_neuron_1707,6495.960960205003
layer_28_neuron_201,65462.75,layer_17_neuron_2178,6491.741815619999
layer_24_neuron_113,65460.578125,layer_27_neuron_2117,6489.428309075991
layer_23_neuron_1650,65448.828125,layer_27_neuron_1895,6488.402136113015
layer_26_neuron_113,65447.14453125,layer_23_neuron_330,6482.034800541002
layer_26_neuron_1890,65384.6328125,layer_25_neuron_1752,6480.810348792203
layer_10_neuron_1923,65376.3125,layer_24_neuron_1752,6478.139347519001
layer_26_neuron_2737,65336.890625,layer_28_neuron_3461,6476.902152095263
layer_24_neuron_1290,65331.9140625,layer_26_neuron_1266,6475.087290473736
layer_25_neuron_113,65328.890625,layer_26_neuron_824,6471.227142465699
layer_25_neuron_1865,65299.96875,layer_24_neuron_3482,6468.253819252001
layer_26_neuron_130,65285.4453125,layer_24_neuron_1660,6467.499989033204
layer_18_neuron_37,65271.3515625,layer_28_neuron_257,6464.708900048496
layer_26_neuron_2235,65127.1640625,layer_24_neuron_2545,6462.557045281993
layer_24_neuron_540,65103.625,layer_26_neuron_1660,6462.436548433504
layer_18_neuron_2604,65093.65625,layer_28_neuron_2894,6461.459072829997
layer_25_neuron_130,65079.65234375,layer_24_neuron_2599,6460.017810582011
layer_26_neuron_2940,65072.74609375,layer_27_neuron_3206,6438.076934316786
layer_28_neuron_2107,65039.05859375,layer_27_neuron_2890,6436.991350094009
layer_23_neuron_3311,64985.67578125,layer_25_neuron_144,6434.859447418556
layer_28_neuron_1628,64936.0625,layer_22_neuron_1929,6433.903330186798
layer_22_neuron_1041,64932.22265625,layer_26_neuron_2358,6427.358455210792
layer_15_neuron_1288,64910.75,layer_23_neuron_1041,6425.243053555017
layer_26_neuron_662,64887.0078125,layer_26_neuron_1940,6425.19800795901
layer_27_neuron_613,64827.03125,layer_23_neuron_3433,6419.4139040664
layer_19_neuron_1929,64798.0390625,layer_27_neuron_1123,6418.107215136285
layer_21_neuron_2178,64753.72265625,layer_25_neuron_39,6411.593421116997
layer_27_neuron_2510,64725.75,layer_23_neuron_624,6409.690041206999
layer_27_neuron_1865,64691.5078125,layer_27_neuron_1900,6408.091611485004
layer_26_neuron_2427,64679.28125,layer_27_neuron_2488,6404.451174425786
layer_27_neuron_1627,64623.38671875,layer_21_neuron_20,6402.865884228997
layer_26_neuron_2010,64570.85546875,layer_27_neuron_2655,6402.757054513006
layer_27_neuron_857,64536.87890625,layer_27_neuron_1018,6389.451025633004
layer_25_neuron_2053,64499.21875,layer_25_neuron_689,6387.903560094312
layer_27_neuron_1531,64485.6015625,layer_26_neuron_2737,6376.297414904995
layer_21_neuron_1790,64465.48046875,layer_25_neuron_2599,6372.954799063603
layer_27_neuron_3433,64389.49609375,layer_24_neuron_1491,6372.46497883371
layer_22_neuron_548,64373.96875,layer_26_neuron_26,6365.536357791006
layer_27_neuron_1986,64255.9921875,layer_21_neuron_2107,6362.653794560018
layer_24_neuron_2467,64195.109375,layer_24_neuron_144,6362.220092250994
layer_25_neuron_2302,64177.25,layer_27_neuron_613,6359.125903821
layer_27_neuron_1806,64164.796875,layer_24_neuron_376,6358.173153042003
layer_11_neuron_1923,64158.046875,layer_26_neuron_689,6345.50415508098
layer_27_neuron_824,64157.3515625,layer_26_neuron_1650,6343.907393619504
layer_27_neuron_3394,64128.4609375,layer_26_neuron_423,6343.522405709993
layer_25_neuron_2427,64104.93359375,layer_11_neuron_608,6342.5819619030135
layer_26_neuron_2053,64051.6796875,layer_27_neuron_389,6339.156778343719
layer_25_neuron_3270,64049.546875,layer_28_neuron_3522,6333.519938577288
layer_23_neuron_1926,64020.796875,layer_22_neuron_2737,6333.007040739988
layer_24_neuron_2053,63923.2265625,layer_24_neuron_1790,6330.168449313997
layer_27_neuron_1710,63921.6171875,layer_25_neuron_1940,6329.768187948787
layer_21_neuron_144,63884.828125,layer_26_neuron_184,6326.866982371018
layer_26_neuron_1531,63778.63671875,layer_27_neuron_2750,6323.321355245701
layer_24_neuron_2358,63730.89453125,layer_21_neuron_1043,6319.992438920008
layer_22_neuron_3197,63729.77734375,layer_23_neuron_1926,6318.950696267
layer_26_neuron_1064,63701.9296875,layer_28_neuron_2022,6313.728806449509
layer_27_neuron_1445,63683.9375,layer_24_neuron_2053,6311.858829627701
layer_24_neuron_2427,63683.69140625,layer_25_neuron_1660,6311.2894628781305
layer_24_neuron_3270,63662.125,layer_28_neuron_944,6310.43856794101
layer_15_neuron_143,63577.4140625,layer_25_neuron_1424,6309.980639365006
layer_27_neuron_2940,63573.48046875,layer_26_neuron_2695,6309.016332977192
layer_26_neuron_824,63573.2421875,layer_20_neuron_3110,6307.6666395090015
layer_26_neuron_3545,63399.7421875,layer_24_neuron_2427,6306.4171251943935
layer_27_neuron_2039,63389.26171875,layer_26_neuron_39,6305.146678065995
layer_21_neuron_113,63310.56640625,layer_25_neuron_1759,6302.36061777101
layer_27_neuron_3216,63307.91015625,layer_27_neuron_26,6300.4381803880015
layer_27_neuron_1024,63279.7890625,layer_27_neuron_3579,6294.791603849309
layer_28_neuron_3329,63256.11328125,layer_28_neuron_3329,6292.894949212006
layer_17_neuron_1461,63240.74609375,layer_27_neuron_1660,6290.216690835004
layer_24_neuron_1865,63227.71875,layer_28_neuron_2718,6289.457053152909
layer_25_neuron_2066,63194.69140625,layer_26_neuron_540,6289.420257424994
layer_27_neuron_540,63176.44921875,layer_25_neuron_2695,6289.315036865706
layer_19_neuron_144,63168.3359375,layer_28_neuron_1562,6282.355931962004
layer_25_neuron_2940,63068.95703125,layer_19_neuron_1461,6279.657941028996
layer_26_neuron_3270,63028.421875,layer_25_neuron_2427,6269.482699019638
layer_28_neuron_1205,63013.73046875,layer_25_neuron_2053,6268.7512436340085
layer_26_neuron_689,63004.12890625,layer_27_neuron_184,6268.394212577004
layer_23_neuron_2940,62996.9609375,layer_16_neuron_2178,6267.606527144997
layer_26_neuron_1009,62943.30078125,layer_26_neuron_1424,6267.273066964004
layer_24_neuron_2302,62924.6953125,layer_26_neuron_3290,6266.555954031593
layer_17_neuron_143,62910.89453125,layer_25_neuron_376,6259.463817820993
layer_27_neuron_2063,62882.796875,layer_24_neuron_1940,6257.572557965999
layer_23_neuron_184,62871.2109375,layer_25_neuron_540,6255.08809544249
layer_27_neuron_1767,62862.1015625,layer_27_neuron_1761,6239.314822647997
layer_26_neuron_3216,62763.34765625,layer_24_neuron_1759,6236.910698408687
layer_27_neuron_3579,62749.48828125,layer_24_neuron_689,6231.921979533004
layer_27_neuron_2427,62745.25,layer_26_neuron_1865,6231.123598752011
layer_21_neuron_1041,62737.14453125,layer_25_neuron_613,6224.836181363906
layer_27_neuron_1660,62730.33984375,layer_25_neuron_2010,6220.554142906019
layer_27_neuron_2202,62677.58984375,layer_27_neuron_1865,6218.020838195996
layer_25_neuron_1557,62655.921875,layer_27_neuron_2713,6215.286639378697
layer_16_neuron_143,62604.75,layer_24_neuron_1865,6212.047960935795
layer_28_neuron_1116,62594.06640625,layer_26_neuron_2427,6209.147308286001
layer_25_neuron_1555,62575.25390625,layer_27_neuron_541,6207.651980351812
layer_24_neuron_130,62529.578125,layer_25_neuron_2619,6206.582100893994
layer_8_neuron_1923,62500.76953125,layer_20_neuron_96,6204.338094135085
layer_27_neuron_364,62466.46875,layer_25_neuron_2655,6200.597936001995
layer_25_neuron_2695,62458.00390625,layer_25_neuron_1865,6198.411111657556
layer_25_neuron_362,62437.9921875,layer_22_neuron_2524,6185.972824196006
layer_27_neuron_711,62401.546875,layer_27_neuron_2534,6185.55461770109
layer_24_neuron_2149,62347.0390625,layer_24_neuron_1803,6184.993046775001
layer_24_neuron_2940,62346.0390625,layer_24_neuron_3312,6183.854811418012
layer_28_neuron_1111,62329.9921875,layer_22_neuron_2695,6182.173616571
layer_23_neuron_540,62283.984375,layer_28_neuron_3206,6170.089379326987
layer_27_neuron_130,62251.6640625,layer_20_neuron_1451,6168.779970399984
layer_26_neuron_882,62227.82421875,layer_19_neuron_32,6164.676578619004
layer_25_neuron_689,62186.3046875,layer_26_neuron_541,6158.387300869111
layer_13_neuron_608,62152.328125,layer_22_neuron_144,6157.247416272996
layer_26_neuron_1660,62085.1484375,layer_22_neuron_3003,6156.383161024
layer_21_neuron_2030,62084.7109375,layer_25_neuron_2445,6152.667442415012
layer_21_neuron_2236,62078.94140625,layer_26_neuron_2655,6151.677286866995
layer_25_neuron_2545,62065.73828125,layer_26_neuron_2445,6148.432244108997
layer_26_neuron_637,62018.15234375,layer_27_neuron_1116,6147.698576511997
layer_25_neuron_1092,61954.9296875,layer_23_neuron_822,6146.392087635357
layer_25_neuron_1660,61950.671875,layer_27_neuron_999,6146.189480763496
layer_27_neuron_3128,61942.8828125,layer_25_neuron_541,6141.16751406399
layer_26_neuron_1092,61925.7265625,layer_23_neuron_3311,6138.060868893
layer_27_neuron_727,61874.1953125,layer_22_neuron_1116,6136.511784657009
layer_27_neuron_2257,61846.3828125,layer_28_neuron_3119,6132.150332608499
layer_22_neuron_2510,61834.203125,layer_22_neuron_2467,6129.54675698899
layer_25_neuron_2733,61822.07421875,layer_27_neuron_1531,6126.9856654210125
layer_27_neuron_1572,61820.7578125,layer_25_neuron_1717,6125.388219201989
layer_25_neuron_3433,61793.74609375,layer_23_neuron_1803,6120.625519611014
layer_27_neuron_362,61779.765625,layer_26_neuron_2053,6117.462375282997
layer_25_neuron_2149,61743.9609375,layer_27_neuron_2718,6117.348206331008
layer_26_neuron_1572,61706.421875,layer_24_neuron_2445,6108.454135535996
layer_24_neuron_184,61700.65234375,layer_24_neuron_2010,6105.6335617396935
layer_9_neuron_1923,61695.96484375,layer_23_neuron_1929,6101.167458145998
layer_25_neuron_2117,61638.62109375,layer_27_neuron_1794,6100.473648780512
layer_25_neuron_1422,61632.17578125,layer_24_neuron_206,6100.225504572683
layer_25_neuron_2348,61628.640625,layer_26_neuron_291,6100.031711538002
layer_20_neuron_3110,61620.9296875,layer_25_neuron_824,6095.143264463997
layer_25_neuron_1068,61617.24609375,layer_27_neuron_824,6089.703872224619
layer_16_neuron_1461,61615.7109375,layer_23_neuron_1790,6088.808789963991
layer_27_neuron_1123,61573.91015625,layer_23_neuron_144,6081.4089884824125
layer_27_neuron_2348,61518.04296875,layer_26_neuron_3092,6078.214989152018
layer_25_neuron_376,61509.296875,layer_27_neuron_2302,6075.696269667995
layer_26_neuron_2348,61469.6015625,layer_27_neuron_1395,6075.260640959299
layer_27_neuron_2660,61461.3515625,layer_24_neuron_1717,6073.526386635988
layer_17_neuron_37,61454.65234375,layer_24_neuron_26,6071.307714177464
layer_27_neuron_1092,61437.4765625,layer_25_neuron_3157,6070.632437499988
layer_27_neuron_637,61408.47265625,layer_28_neuron_548,6064.753166948012
layer_27_neuron_206,61394.07421875,layer_27_neuron_376,6055.92454488601
layer_23_neuron_1621,61373.859375,layer_24_neuron_3157,6053.675946008994
layer_26_neuron_727,61363.02734375,layer_25_neuron_3498,6053.579516375497
layer_26_neuron_711,61340.515625,layer_20_neuron_3507,6051.542649869997
layer_27_neuron_198,61339.62890625,layer_27_neuron_2063,6050.564328684199
layer_25_neuron_39,61327.7734375,layer_20_neuron_37,6049.199832247
layer_27_neuron_2444,61326.8671875,layer_22_neuron_3433,6047.262875724001
layer_24_neuron_2348,61301.1640625,layer_24_neuron_1929,6046.774466113927
layer_22_neuron_1560,61284.84375,layer_18_neuron_1461,6038.503721014801
layer_24_neuron_1092,61281.87109375,layer_24_neuron_1290,6037.066928261002
layer_27_neuron_349,61264.078125,layer_26_neuron_113,6036.725290227659
layer_27_neuron_3312,61215.5078125,layer_26_neuron_376,6035.383544865009
layer_28_neuron_3281,61203.12890625,layer_27_neuron_3192,6027.537033050008
layer_25_neuron_727,61161.12890625,layer_27_neuron_1208,6027.207314210012
layer_26_neuron_809,61156.9765625,layer_23_neuron_3119,6026.133680841944
layer_27_neuron_1100,61140.22265625,layer_25_neuron_3290,6024.414265780882
layer_27_neuron_2117,61127.953125,layer_22_neuron_1041,6022.138759312004
layer_15_neuron_32,61124.30078125,layer_24_neuron_1890,6014.815613626703
layer_28_neuron_1220,61110.55859375,layer_27_neuron_1100,6012.362604888991
layer_26_neuron_3433,61110.06640625,layer_21_neuron_1767,6012.277942129992
layer_26_neuron_1068,61097.12109375,layer_24_neuron_3290,6010.435987869009
layer_27_neuron_184,61096.91015625,layer_20_neuron_2030,6008.586609637508
layer_23_neuron_1890,61078.21875,layer_28_neuron_291,6008.426716371304
layer_27_neuron_162,61060.35546875,layer_25_neuron_622,6007.975561689987
layer_26_neuron_1422,61050.8203125,layer_17_neuron_2604,6001.602315878104
layer_26_neuron_3092,61026.60546875,layer_23_neuron_1940,6000.837867334803
layer_27_neuron_1282,61024.140625,layer_26_neuron_1761,5999.618697269199
layer_24_neuron_1068,61017.93359375,layer_27_neuron_1424,5996.737832757992
layer_25_neuron_824,60980.15625,layer_24_neuron_2655,5991.672774686991
layer_25_neuron_1572,60945.12109375,layer_25_neuron_1650,5990.088291209399
layer_20_neuron_1923,60941.52734375,layer_26_neuron_2599,5989.619142441112
layer_24_neuron_2117,60924.4921875,layer_27_neuron_624,5987.744483085701
layer_22_neuron_2940,60923.125,layer_25_neuron_423,5987.004875402011
layer_27_neuron_2228,60900.51953125,layer_26_neuron_1752,5984.733338506008
layer_21_neuron_277,60899.859375,layer_26_neuron_650,5981.811406363093
layer_25_neuron_1424,60884.953125,layer_22_neuron_1572,5981.621035579
layer_26_neuron_624,60843.30078125,layer_27_neuron_2053,5980.2947196454925
layer_27_neuron_624,60769.26171875,layer_27_neuron_1024,5976.398807190005
layer_27_neuron_294,60758.578125,layer_27_neuron_1717,5974.2317182612
layer_20_neuron_1985,60757.1640625,layer_25_neuron_184,5973.514201951998
layer_28_neuron_3461,60750.0078125,layer_27_neuron_3092,5972.713693344291
layer_26_neuron_1424,60725.578125,layer_19_neuron_143,5968.482099720008
layer_25_neuron_1925,60706.05859375,layer_27_neuron_3297,5966.857626960996
layer_26_neuron_2660,60681.6640625,layer_25_neuron_1628,5964.1274131170085
layer_28_neuron_1531,60656.8515625,layer_24_neuron_3498,5961.910063109
layer_25_neuron_613,60649.2578125,layer_25_neuron_1900,5959.393011366985
layer_21_neuron_622,60633.5390625,layer_27_neuron_2606,5949.837710189419
layer_27_neuron_3318,60595.73828125,layer_26_neuron_3157,5949.320130571289
layer_24_neuron_689,60592.71875,layer_27_neuron_2427,5948.719997069005
layer_22_neuron_1121,60534.25390625,layer_25_neuron_1041,5947.860076111298
layer_22_neuron_1660,60518.63671875,layer_27_neuron_423,5945.540872383504
layer_20_neuron_144,60506.23828125,layer_25_neuron_3311,5945.402763118004
layer_12_neuron_1923,60505.90625,layer_25_neuron_1208,5943.999266936997
layer_27_neuron_964,60478.93359375,layer_27_neuron_1562,5943.315014584014
layer_26_neuron_2117,60454.37890625,layer_28_neuron_68,5939.616229437994
layer_25_neuron_3577,60453.1015625,layer_20_neuron_277,5937.004087196996
layer_27_neuron_3005,60429.65625,layer_27_neuron_1515,5927.944121755006
layer_24_neuron_1555,60424.6796875,layer_28_neuron_1903,5924.455531565997
layer_27_neuron_1890,60419.7109375,layer_24_neuron_540,5924.31020148851
layer_24_neuron_1572,60398.99609375,layer_27_neuron_3173,5922.903616623994
layer_27_neuron_2435,60389.578125,layer_27_neuron_1839,5916.653176739497
layer_19_neuron_2107,60387.37890625,layer_27_neuron_640,5915.548040505207
layer_25_neuron_1531,60376.2578125,layer_26_neuron_1555,5915.282501620987
layer_26_neuron_2063,60333.0,layer_21_neuron_2069,5914.098972923996
layer_27_neuron_640,60303.07421875,layer_27_neuron_2039,5913.279778320507
layer_27_neuron_1422,60290.01171875,layer_27_neuron_3545,5910.449376130999
layer_27_neuron_761,60282.83984375,layer_22_neuron_330,5908.199911490604
layer_26_neuron_362,60279.24609375,layer_24_neuron_650,5908.006629113007
layer_24_neuron_376,60204.71875,layer_16_neuron_2604,5904.943823324818
layer_24_neuron_1621,60203.703125,layer_25_neuron_1993,5902.742036438997
layer_26_neuron_289,60180.8125,layer_26_neuron_2063,5901.3543016090025
layer_26_neuron_3579,60157.57421875,layer_25_neuron_1445,5898.616170549996
layer_14_neuron_143,60128.8515625,layer_28_neuron_3248,5898.415298253995
layer_27_neuron_1599,60116.609375,layer_23_neuron_662,5898.120289123001
layer_25_neuron_184,60074.671875,layer_27_neuron_2277,5897.591996008284
layer_20_neuron_2107,60055.34765625,layer_25_neuron_1562,5896.300611454497
layer_27_neuron_634,60002.0859375,layer_27_neuron_2599,5894.780611332735
layer_26_neuron_1823,59986.7265625,layer_24_neuron_1208,5892.178223746008
layer_27_neuron_3352,59979.234375,layer_27_neuron_583,5891.113665641204
layer_27_neuron_851,59972.89453125,layer_23_neuron_2427,5885.156797186989
layer_23_neuron_1660,59966.5703125,layer_26_neuron_1717,5883.678850247403
layer_25_neuron_2406,59946.546875,layer_21_neuron_2078,5881.244423397
layer_19_neuron_3507,59922.07421875,layer_28_neuron_3276,5880.7354017719945
layer_20_neuron_2236,59879.0390625,layer_26_neuron_1890,5879.082053176502
layer_24_neuron_3433,59845.1171875,layer_21_neuron_3433,5874.493952896689
layer_24_neuron_2545,59833.72265625,layer_26_neuron_1993,5872.12861924489
layer_25_neuron_637,59829.1796875,layer_27_neuron_540,5865.834821558
layer_28_neuron_3360,59823.296875,layer_26_neuron_1208,5864.159312290003
layer_27_neuron_1381,59811.578125,layer_26_neuron_1013,5862.085436195704
layer_27_neuron_2997,59771.8046875,layer_24_neuron_180,5860.267518526
layer_25_neuron_1562,59747.1171875,layer_22_neuron_822,5859.960277048295
layer_25_neuron_1823,59734.203125,layer_28_neuron_1617,5858.270275996988
layer_28_neuron_1427,59724.78515625,layer_27_neuron_3577,5853.686169906002
layer_27_neuron_2832,59713.6875,layer_10_neuron_608,5852.029651636009
layer_23_neuron_206,59687.49609375,layer_26_neuron_1560,5850.297260716002
layer_24_neuron_362,59681.58203125,layer_26_neuron_1064,5845.152581648798
layer_26_neuron_3577,59676.3203125,layer_27_neuron_2445,5845.100627850994
layer_20_neuron_2631,59661.13671875,layer_26_neuron_1123,5844.7966285480015
layer_24_neuron_1422,59657.8046875,layer_28_neuron_2477,5843.478741254001
layer_26_neuron_1627,59648.8125,layer_24_neuron_1424,5840.995214237605
layer_25_neuron_1009,59647.00390625,layer_24_neuron_1562,5838.608975673003
layer_27_neuron_1013,59599.60546875,layer_24_neuron_184,5835.704909093405
layer_21_neuron_1220,59584.19921875,layer_27_neuron_3407,5830.424770759903
layer_27_neuron_1909,59503.4375,layer_24_neuron_1650,5828.822992093987
layer_27_neuron_2545,59487.671875,layer_23_neuron_540,5827.84795024998
layer_24_neuron_1925,59470.71875,layer_24_neuron_2477,5824.665643259999
layer_25_neuron_2063,59460.265625,layer_28_neuron_1041,5824.217003675001
layer_25_neuron_3482,59449.76171875,layer_22_neuron_2631,5822.893037526006
layer_26_neuron_1013,59432.9375,layer_22_neuron_1092,5815.089479500495
layer_26_neuron_376,59405.19140625,layer_25_neuron_650,5812.857739509997
layer_28_neuron_637,59396.1171875,layer_23_neuron_622,5806.918381804999
layer_27_neuron_3270,59351.25390625,layer_27_neuron_650,5799.161122153009
layer_27_neuron_389,59325.17578125,layer_23_neuron_1759,5795.77179432952
layer_23_neuron_2737,59299.26953125,layer_20_neuron_3461,5795.107100253988
layer_25_neuron_998,59294.8203125,layer_17_neuron_1461,5795.041998162494
layer_22_neuron_1926,59293.2421875,layer_28_neuron_2988,5792.475272633999
layer_17_neuron_2604,59281.14453125,layer_26_neuron_1422,5790.301923650994
layer_25_neuron_1759,59262.5546875,layer_25_neuron_1422,5787.553438056224
layer_26_neuron_39,59248.93359375,layer_18_neuron_143,5786.25221483999
layer_24_neuron_727,59248.3515625,layer_15_neuron_2178,5782.153752496999
layer_27_neuron_2948,59228.328125,layer_23_neuron_2010,5782.107993524312
layer_27_neuron_1068,59220.875,layer_27_neuron_1370,5772.653553837814
layer_25_neuron_1628,59217.6328125,layer_16_neuron_1461,5770.060153434402
layer_20_neuron_20,59207.359375,layer_27_neuron_1422,5766.171593459087
layer_24_neuron_1660,59177.12890625,layer_25_neuron_1890,5765.455186581
layer_8_neuron_3281,59137.00390625,layer_26_neuron_1562,5764.114623320997
layer_27_neuron_2033,59122.7265625,layer_27_neuron_622,5757.658575473004
layer_27_neuron_1473,59087.2265625,layer_27_neuron_637,5754.040795520611
layer_23_neuron_3133,59085.03515625,layer_24_neuron_541,5753.579663857997
layer_25_neuron_624,59072.76171875,layer_27_neuron_1806,5751.420044223016
layer_25_neuron_2445,59055.55078125,layer_26_neuron_3498,5749.137145153701
layer_25_neuron_180,59054.0703125,layer_24_neuron_3297,5747.631942180405
layer_25_neuron_882,59047.55859375,layer_27_neuron_2887,5745.871447176004
layer_25_neuron_2010,59034.5,layer_23_neuron_1266,5744.342113842405
layer_27_neuron_2542,59019.11328125,layer_22_neuron_1940,5739.7232098130025
layer_27_neuron_3577,59003.0546875,layer_24_neuron_662,5739.555658788011
layer_26_neuron_295,58997.6953125,layer_25_neuron_2358,5737.238852978002
layer_26_neuron_184,58994.6328125,layer_26_neuron_547,5736.190157334002
layer_26_neuron_2545,58969.81640625,layer_23_neuron_39,5735.578122148271
layer_21_neuron_2988,58959.703125,layer_24_neuron_1560,5734.112840591996
layer_25_neuron_2235,58925.96875,layer_27_neuron_1752,5732.648517037011
layer_24_neuron_2445,58890.7109375,layer_27_neuron_852,5732.414172889899
layer_27_neuron_763,58865.24609375,layer_23_neuron_541,5731.507987888007
layer_25_neuron_3216,58864.8515625,layer_28_neuron_3216,5730.8151091064965
layer_24_neuron_547,58853.94921875,layer_23_neuron_1707,5729.580810997507
layer_27_neuron_3302,58823.97265625,layer_27_neuron_3394,5728.573788425503
layer_26_neuron_2202,58815.78515625,layer_4_neuron_1692,5728.474370499996
layer_24_neuron_134,58808.51171875,layer_22_neuron_2427,5728.259701827514
layer_20_neuron_2178,58807.01171875,layer_20_neuron_1985,5727.203619295792
layer_25_neuron_314,58800.6875,layer_24_neuron_1445,5724.663852949995
layer_27_neuron_1707,58776.51171875,layer_23_neuron_2117,5719.805037076995
layer_23_neuron_2542,58751.48046875,layer_26_neuron_2887,5719.524824771501
layer_20_neuron_1790,58731.2890625,layer_27_neuron_2444,5714.752452333985
layer_26_neuron_1759,58725.80078125,layer_24_neuron_1628,5711.519470350592
layer_25_neuron_1110,58713.390625,layer_27_neuron_2279,5711.31608753431
layer_27_neuron_573,58662.65234375,layer_24_neuron_613,5709.180369368002
layer_25_neuron_2655,58655.3125,layer_22_neuron_1220,5706.143922007008
layer_22_neuron_1650,58649.7421875,layer_9_neuron_392,5701.850976899983
layer_26_neuron_1562,58585.203125,layer_25_neuron_727,5699.710311908502
layer_6_neuron_1923,58583.6171875,layer_27_neuron_481,5699.445475841505
layer_26_neuron_1103,58564.76953125,layer_20_neuron_2953,5692.293878386003
layer_26_neuron_1642,58550.17578125,layer_23_neuron_184,5691.4495028950005
layer_27_neuron_2560,58548.046875,layer_19_neuron_37,5690.445420618795
layer_27_neuron_3253,58542.32421875,layer_9_neuron_608,5690.122102022021
layer_27_neuron_1794,58534.95703125,layer_27_neuron_2045,5689.431882434296
layer_26_neuron_2445,58534.46875,layer_22_neuron_1790,5686.858277191993
layer_27_neuron_3070,58505.68359375,layer_26_neuron_622,5685.182445570594
layer_19_neuron_1451,58500.8828125,layer_24_neuron_944,5682.6559159155
layer_24_neuron_1562,58483.921875,layer_15_neuron_143,5680.398835700002
layer_24_neuron_1823,58482.78125,layer_23_neuron_1923,5679.955034149005
layer_25_neuron_3092,58442.671875,layer_26_neuron_727,5678.688029386003
layer_27_neuron_2718,58432.5,layer_23_neuron_1560,5677.123007184997
layer_24_neuron_314,58429.46875,layer_21_neuron_2236,5673.111106987998
layer_26_neuron_1395,58398.03125,layer_15_neuron_1288,5672.449677411989
layer_27_neuron_2523,58390.94921875,layer_25_neuron_2477,5666.780587153996
layer_12_neuron_608,58387.9140625,layer_23_neuron_1491,5664.127145541997
layer_27_neuron_819,58374.09765625,layer_22_neuron_1926,5661.188219518992
layer_27_neuron_1759,58361.73046875,layer_27_neuron_1551,5660.874508037994
layer_18_neuron_1929,58359.9609375,layer_27_neuron_187,5658.886203231993
layer_26_neuron_998,58321.0546875,layer_27_neuron_3498,5657.106072377298
layer_24_neuron_772,58320.39453125,layer_25_neuron_662,5654.938519684007
layer_8_neuron_392,58316.99609375,layer_24_neuron_1993,5653.967943609605
layer_23_neuron_1900,58299.84375,layer_25_neuron_1013,5652.993942581004
layer_18_neuron_3507,58287.98046875,layer_27_neuron_2285,5652.8974839024895
layer_26_neuron_423,58265.953125,layer_25_neuron_1555,5652.061781984705
layer_24_neuron_1395,58234.078125,layer_25_neuron_1823,5650.236605697006
layer_25_neuron_772,58232.265625,layer_26_neuron_344,5645.373687615601
layer_25_neuron_2557,58217.18359375,layer_27_neuron_2714,5644.791636101199
layer_26_neuron_3394,58203.2265625,layer_26_neuron_1531,5643.39319819189
layer_25_neuron_3545,58197.4296875,layer_20_neuron_2107,5642.978573599999
layer_25_neuron_330,58195.6796875,layer_25_neuron_547,5640.100802864926
layer_26_neuron_2444,58186.1953125,layer_24_neuron_1064,5639.225356937997
layer_26_neuron_1123,58133.5546875,layer_21_neuron_2737,5639.179587460994
layer_26_neuron_2695,58132.1328125,layer_24_neuron_1422,5633.676359728008
layer_27_neuron_1424,58126.15234375,layer_27_neuron_573,5633.399678754999
layer_26_neuron_1628,58104.75390625,layer_25_neuron_1560,5632.214691301992
layer_27_neuron_2096,58100.4609375,layer_24_neuron_2127,5632.125586901003
layer_27_neuron_1823,58069.296875,layer_28_neuron_2107,5630.337725692015
layer_28_neuron_2175,58060.203125,layer_27_neuron_1117,5629.9426455174325
layer_24_neuron_2655,58055.3125,layer_23_neuron_3270,5629.515571361499
layer_4_neuron_1692,58030.703125,layer_24_neuron_2927,5628.959046157004
layer_27_neuron_376,58005.90625,layer_27_neuron_768,5627.732981784297
layer_27_neuron_1491,58000.0234375,layer_27_neuron_2560,5625.453973198996
layer_22_neuron_1621,57999.4609375,layer_25_neuron_1064,5620.186960014294
layer_27_neuron_1776,57952.9296875,layer_27_neuron_1381,5618.272596267
layer_27_neuron_2627,57903.87109375,layer_26_neuron_1628,5617.415915087509
layer_27_neuron_1684,57885.96484375,layer_27_neuron_2294,5615.821572992002
layer_25_neuron_3579,57838.62109375,layer_23_neuron_689,5606.253962457008
layer_25_neuron_1717,57791.671875,layer_26_neuron_784,5606.205482840009
layer_20_neuron_1041,57786.0078125,layer_17_neuron_143,5605.416754850009
layer_24_neuron_624,57764.9453125,layer_27_neuron_1473,5603.447654972011
layer_26_neuron_3482,57760.2890625,layer_6_neuron_2570,5602.768992466004
layer_24_neuron_1759,57759.3203125,layer_23_neuron_772,5601.710558777601
layer_27_neuron_1041,57756.66015625,layer_27_neuron_2660,5599.926800289983
layer_27_neuron_882,57737.265625,layer_24_neuron_1860,5598.404971864996
layer_24_neuron_1424,57735.609375,layer_27_neuron_12,5598.384484198999
layer_27_neuron_1300,57729.8515625,layer_25_neuron_3297,5597.376724716219
layer_28_neuron_1684,57720.18359375,layer_27_neuron_1071,5597.167710253312
layer_27_neuron_1152,57668.2265625,layer_20_neuron_2940,5594.3172846180105
layer_25_neuron_1621,57653.7890625,layer_24_neuron_3479,5591.653193825009
layer_25_neuron_541,57633.92578125,layer_22_neuron_3119,5590.086666511996
layer_27_neuron_1642,57633.1015625,layer_22_neuron_1121,5588.828169646003
layer_25_neuron_1064,57624.046875,layer_26_neuron_3173,5587.111200094998
layer_25_neuron_763,57617.203125,layer_25_neuron_1395,5585.532559175003
layer_24_neuron_330,57602.90234375,layer_23_neuron_2655,5583.841616516788
layer_27_neuron_1940,57573.58984375,layer_26_neuron_2733,5583.737113081
layer_27_neuron_1828,57559.48046875,layer_24_neuron_622,5581.911206464996
layer_28_neuron_257,57555.44921875,layer_25_neuron_2127,5577.588726047402
layer_23_neuron_314,57534.84375,layer_27_neuron_3415,5576.557344881599
layer_26_neuron_2655,57508.07421875,layer_23_neuron_1650,5575.654414677194
layer_28_neuron_3206,57460.14453125,layer_23_neuron_2545,5574.489026737995
layer_27_neuron_314,57458.6171875,layer_26_neuron_2302,5574.26640393399
layer_26_neuron_2435,57458.4140625,layer_27_neuron_130,5574.21887918269
layer_26_neuron_1925,57443.234375,layer_27_neuron_3419,5573.088738884993
layer_26_neuron_3551,57422.08984375,layer_28_neuron_1427,5570.728750300988
layer_27_neuron_998,57399.0390625,layer_23_neuron_3482,5570.028269648608
layer_20_neuron_1043,57365.5234375,layer_28_neuron_1627,5566.042110467002
layer_24_neuron_2406,57362.046875,layer_26_neuron_1018,5565.074994285016
layer_26_neuron_1717,57351.609375,layer_27_neuron_2832,5564.989108435987
layer_26_neuron_344,57344.34765625,layer_25_neuron_2063,5564.5321013739895
layer_27_neuron_3092,57288.4453125,layer_23_neuron_3297,5564.071374130006
layer_17_neuron_3507,57272.21484375,layer_16_neuron_143,5558.651530899993
layer_26_neuron_1710,57268.703125,layer_27_neuron_2975,5557.665441704694
layer_24_neuron_3577,57254.09765625,layer_27_neuron_8,5556.8580869289935
layer_26_neuron_180,57249.046875,layer_27_neuron_209,5555.590643642002
layer_25_neuron_899,57222.81640625,layer_21_neuron_1041,5554.117114077991
layer_26_neuron_2406,57221.0859375,layer_24_neuron_1555,5552.746772961402
layer_23_neuron_1290,57205.484375,layer_22_neuron_624,5552.6565723730055
layer_25_neuron_1266,57190.98828125,layer_23_neuron_1890,5550.030990087999
layer_27_neuron_2898,57178.0546875,layer_27_neuron_2255,5548.786643951009
layer_26_neuron_763,57138.7265625,layer_26_neuron_1110,5548.690998841101
layer_28_neuron_1692,57132.296875,layer_18_neuron_32,5545.952244183673
layer_26_neuron_1024,57123.71875,layer_26_neuron_2348,5543.559970685
layer_25_neuron_1993,57122.65625,layer_27_neuron_1122,5541.441827519195
layer_25_neuron_1395,57104.07421875,layer_25_neuron_1860,5540.187556568996
layer_27_neuron_2655,57103.5625,layer_23_neuron_2557,5538.883563122801
layer_24_neuron_1628,57060.16015625,layer_25_neuron_707,5536.489326682798
layer_16_neuron_2604,57052.32421875,layer_24_neuron_1823,5532.848992689004
layer_25_neuron_3311,57047.16796875,layer_25_neuron_2303,5530.776782872497
layer_24_neuron_39,57042.0703125,layer_24_neuron_2288,5530.084945963503
layer_27_neuron_2568,57033.77734375,layer_27_neuron_2096,5523.621642003
layer_27_neuron_1925,57007.30078125,layer_27_neuron_66,5522.798442187706
layer_19_neuron_698,57000.14453125,layer_23_neuron_1865,5521.341096742999
layer_27_neuron_8,56990.5390625,layer_27_neuron_198,5516.875984626012
layer_16_neuron_37,56988.4765625,layer_27_neuron_3123,5516.661770115713
layer_27_neuron_2557,56976.765625,layer_26_neuron_2255,5516.356934187003
layer_27_neuron_2840,56959.6953125,layer_6_neuron_458,5515.4100178356975
layer_26_neuron_2096,56950.12890625,layer_27_neuron_1616,5513.861813051009
layer_3_neuron_1692,56942.03125,layer_27_neuron_1710,5511.3947163150015
layer_26_neuron_2033,56940.56640625,layer_27_neuron_760,5511.215951700408
layer_25_neuron_3090,56936.38671875,layer_27_neuron_1035,5507.58801595771
layer_25_neuron_1940,56916.20703125,layer_27_neuron_3330,5506.308011313001
layer_27_neuron_49,56874.36328125,layer_27_neuron_2503,5505.919149323012
layer_27_neuron_742,56873.3203125,layer_22_neuron_39,5505.903110631205
layer_28_neuron_99,56872.05859375,layer_23_neuron_2053,5499.594050104997
layer_24_neuron_998,56868.0859375,layer_26_neuron_2303,5499.401439215106
layer_26_neuron_314,56867.671875,layer_27_neuron_3216,5498.462091661198
layer_25_neuron_1627,56846.97265625,layer_27_neuron_1028,5498.037482343
layer_27_neuron_1805,56838.0859375,layer_27_neuron_2567,5497.904286483494
layer_24_neuron_882,56823.5546875,layer_27_neuron_1628,5496.690753010002
layer_27_neuron_2132,56800.58203125,layer_25_neuron_899,5496.254160233995
layer_27_neuron_772,56773.4765625,layer_25_neuron_3092,5495.009508456395
layer_19_neuron_2953,56771.546875,layer_23_neuron_2510,5494.120102460007
layer_24_neuron_2010,56764.96875,layer_26_neuron_637,5494.065489432006
layer_26_neuron_1940,56745.453125,layer_26_neuron_662,5491.508982225004
layer_27_neuron_641,56737.1640625,layer_21_neuron_2988,5488.583742794002
layer_26_neuron_641,56718.52734375,layer_27_neuron_2263,5486.716516522998
layer_6_neuron_1692,56717.03125,layer_21_neuron_1116,5480.304122775986
layer_24_neuron_1993,56714.9453125,layer_28_neuron_209,5479.642844547497
layer_26_neuron_541,56694.6484375,layer_26_neuron_3192,5479.196717777594
